id,md5,name,timestamp_1,timestamp_2
9972001,aa6f611d44b2d624c6cef8470cad66fa,MorbiNon.js,2002-10-14 19:12:59,2015-06-25 10:57:43
1341355,a14e804ad6d015190cc65b84ea7cd011,TristiqueTortorEu.der,2007-05-10 04:41:30,2010-07-27 04:28:58
1228221,460bcef8f237b5c33e12b6c83cdc327e,Diam.pct,2005-12-12 00:49:08,2011-04-21 20:48:09
6029601,3af741a33d5aca4aec5885731f0373cd,LuctusEtUltrices.fpx,2005-07-17 04:50:19,2016-02-22 08:55:49
8583717,1871b81d1bb7203e37aabf1a0113e4af,Nisl.htt,2007-06-19 13:35:54,2011-09-30 16:30:00
3793783,4632eed4566d6fb17a76491a89538b66,NamCongue.wk1,2006-10-04 07:17:41,2016-01-28 00:36:28
8447397,0cbedead08c49aa21dc93bf56099872a,RutrumNeque.lzx,2008-08-27 16:10:22,2010-02-27 20:09:16
6135465,bfa87c2f6120636de936ca1df57c9cf5,HendreritAtVulputate.vrt,2005-01-26 07:42:17,2017-11-02 19:55:10
9495895,f8188e282752b6ffa5d8e005b35e6b38,NonummyInteger.kar,2004-01-14 01:16:33,2010-08-07 15:37:32
6680859,67981c0221936c4f25ce6f7f1fae6ea8,VolutpatSapienArcu.p7a,2000-11-23 16:33:06,2010-04-07 20:08:30
1805668,484cf76a8b459c3f67352598c18a4b63,Aenean.hlp,2008-12-07 17:18:58,2009-07-04 21:55:52
9232531,448aac7a9706be4f4b7fcb7708d3630d,PotentiNullamPorttitor.skp,2007-06-08 17:30:49,2012-03-20 19:37:33
7642701,4b5561095ab8dfc6fa7587ef3be72918,FusceLacusPurus.rv,2007-03-17 06:27:58,2012-02-27 06:03:11
9758181,1d3e25b7c655555f7c141b74795d9a2f,ErosSuspendisse.pfunk,2003-05-30 13:33:02,2012-02-06 10:42:08
9672140,4a98b0f962597a4723442474da22c5c0,PellentesqueUltrices.vqe,2003-01-22 23:51:52,2017-03-03 03:51:43
4173173,f005a4df73a5bd7a6bb6eec56de3cc86,Quis.ra,2001-07-16 03:02:48,2009-11-02 05:29:42
1287095,4293c50e6d4305d60957b20866093f42,Curae.niff,2008-11-11 05:26:22,2017-02-24 11:34:49
5021073,2b07d9b176a5cd65aad4abeb18ecfca0,FaucibusCursus.p7m,2002-11-17 22:24:00,2013-07-07 10:18:54
8000706,24cb8379d6c96a5864123c1277307423,PlateaDictumst.wq1,2002-12-09 16:39:04,2009-11-07 20:30:00
8531627,188410c35584e39c8221c54936cf8a7a,Tellus.lsx,2003-08-16 09:14:30,2014-04-07 06:59:13
8289715,1651135e5db178357d9c4efa42600a57,SitAmet.aos,2001-02-15 03:26:40,2010-08-20 04:16:23
2432252,b0a4dedf52b694c5798a715763315004,QuamTurpis.lam,2003-12-26 19:21:47,2010-03-07 12:23:18
6209457,9078eb9828859fb3c5bdcf728ab22986,DuisAt.xml,2003-09-27 16:39:19,2016-10-28 14:00:17
5643556,97ef305e4b431efa725c63850d422c06,In.sv4crc,2007-09-12 05:36:15,2013-11-02 16:20:42
7333060,fe8a44b0c92841e82db11d8a20991ce4,EtiamVel.pcl,2004-05-26 13:35:15,2015-10-18 04:00:02
5132758,3fedbd3bcf21f3764a36c7c6a83b8a40,Leo.xwd,2003-08-18 23:25:53,2011-10-25 03:06:26
1418003,d80dd83dc5c1985eb5b3b9e890e5d21b,FaucibusOrciLuctus.p12,2005-11-18 03:34:31,2014-08-10 15:13:45
5211577,98228a8603b81a5d33b8787d261afeac,QuamPharetraMagna.der,2007-07-10 11:36:56,2016-10-22 05:54:59
4367958,c9d06d562d6ce31c87641ff0f9cc63cf,UtSuscipitA.bin,2005-02-26 10:29:04,2015-12-07 22:13:53
6450950,9b093c36d76f2a1c0e473f5df6a12369,AnteVel.cxx,2005-05-14 01:22:10,2013-08-25 00:14:26
3785798,e18bd935327983ec1a5a265f73ce5662,DonecDiam.class,2003-02-12 03:59:08,2011-05-11 00:50:07
4310529,94b985b0ec346ab751c751ad7aab5b84,Molestie.sea,2001-01-24 05:36:30,2017-10-05 07:28:40
2406007,1ef2d81ca12aca54ba5546e85acadc69,Elementum.smi,2007-01-12 22:58:55,2015-12-22 09:24:53
8899474,296af55202653976681be23da1d2366b,AliquetMassaId.xlw,2000-12-16 22:34:01,2013-01-22 02:06:49
5818046,a1244ff374a837dfb6555d3f4bc26f55,Leo.xdr,2000-06-03 04:38:30,2011-01-26 04:30:36
7499574,0b7a1015b91e201f0626ca4cd3b652da,PharetraMagna.spl,2003-04-22 19:50:56,2009-11-30 17:30:47
2230720,a331a8715f556244a7d9ee4d9a0d3b14,CongueDiamId.spl,2005-09-05 01:17:59,2016-05-18 06:05:18
6170621,7a00f31c71ad83b2ce388f26a34bf9b5,TurpisAdipiscing.part,2001-12-14 21:52:18,2016-03-22 06:04:39
4000566,60cc73147f9ec567934f73d6fc4f4504,JustoAliquam.voc,2005-06-05 00:46:39,2011-09-21 16:17:25
2959191,7f7eddf443f163a3360ef9defa5ce5a4,SedTinciduntEu.3dmf,2002-08-16 18:26:07,2013-06-30 23:57:46
1872585,e115aab37f6e433b8cbe76efb4f41ce0,Aliquam.ppa,2004-03-17 21:14:06,2016-06-11 19:06:30
9422823,0e567ecb957c002d98b0e3c7850895e9,Vel.gsp,2005-01-27 10:53:33,2015-06-20 21:18:54
9283797,676e6b6e299555dfc355f7668f313d17,ElitSodales.qd3d,2004-12-09 11:37:20,2015-08-19 12:22:44
3690084,9018392b93877b8e673556267011d317,Mauris.mpc,2007-12-07 23:57:43,2014-10-01 15:55:09
5086749,26f33e79550f1e71dfa6798f0aea17c9,VelLectusIn.rmm,2000-10-23 03:00:01,2016-09-14 18:03:17
1157015,135d023f28b5f33ec3ff4036106a2169,NonVelitNec.el,2006-12-16 21:52:28,2015-06-15 03:41:04
7886098,f8a9801071129c5c4c479d7212724222,Lacinia.ssm,2000-07-23 10:56:29,2016-06-21 15:55:28
6014668,38ffae57c2dc7224b8a6e0925788ed4f,MassaVolutpatConvallis.pkg,2002-09-06 03:33:33,2017-09-27 23:56:03
7054251,d36ce071eefa89b825b40f0a30afeeb7,ErosVestibulumAc.lha,2000-01-28 15:32:33,2010-07-14 16:59:06
9254817,2773346b18ee4dd350e87585407ecfb1,PosuereMetusVitae.wq1,2000-09-19 12:39:53,2015-07-28 01:58:52
5253964,87593aa6762d96dfc257773613291784,InFelisDonec.xml,2005-03-19 14:29:23,2009-12-30 21:18:38
5438465,1c5d996b40be76bd92fe8a42aba85fcf,TortorRisusDapibus.png,2001-06-27 03:41:20,2015-12-29 09:10:27
9746303,d3e4402903292bd8deec1b986c1e21d1,AcDiam.skd,2006-05-23 11:58:57,2015-10-19 14:03:52
3571919,030d7299bdfebf5442f64cc882332e06,VulputateVitaeNisl.gl,2004-09-21 11:05:20,2015-02-23 08:18:10
6191259,a923cf71fdcc8264ca9adccea0d5c1d8,EuTincidunt.xbm,2007-10-18 06:15:34,2009-11-19 21:45:54
2751180,021fa74c0fbc326b6cef1fc2e5868c68,MiPedeMalesuada.cer,2004-10-20 05:36:51,2011-03-31 01:50:55
4456051,8d0b41b59db080f5c430ee169d9c73f9,EuFelis.cdf,2005-07-03 07:03:17,2017-09-01 06:31:06
3891991,56103d6c6c56a792c13e1dec7b1bf5b6,PedeLobortis.js,2000-04-12 02:33:02,2010-02-11 21:25:58
5784258,30e444989616ef3d7e581b58d0823f88,Hac.snd,2002-05-20 04:49:35,2012-06-27 21:41:02
7319570,9d3e435462b821117834f19cb38eb99c,NullaMollis.mid,2000-01-15 04:18:55,2013-03-05 15:54:58
5003820,8ca8f930e69cfc154ce03bfecf449888,A.pcl,2001-06-03 06:12:16,2013-12-18 03:58:05
4204590,026321c7bc17274d1c97ce5963c07a5f,PlateaDictumstEtiam.nvd,2000-05-04 11:28:17,2014-02-03 22:01:39
5880974,d89988083c0106cbe5637acc5e0d2705,SagittisNamCongue.xbm,2006-05-29 19:28:14,2017-02-23 07:00:02
4826349,0bdbf66fee4afb315d8fa0cf695ba62e,DuisAliquamConvallis.jav,2004-10-26 17:35:45,2014-09-28 14:45:59
1638012,d309cf534ae3c2efd838f9c936fccf99,PenatibusEtMagnis.xbm,2001-04-26 00:20:25,2014-06-22 00:15:23
3214338,c0ccbaf8351a20b9153e9d0157506400,IaculisJustoIn.dv,2008-05-14 06:54:32,2012-01-15 07:20:18
3456759,d25914bb438d00b797b153091865f954,Eu.jfif,2002-04-25 10:08:52,2012-07-28 05:12:10
8624873,dd7144d94798c8d8d10895d3d3df4581,AliquetUltricesErat.imap,2004-04-20 07:35:28,2011-07-06 22:06:29
3618927,ca436d3dc31806b59e9e63b4a407bfc9,InBlandit.sv4cpio,2007-07-31 18:47:07,2012-01-05 06:46:13
7784247,42339ff4bad744d9c40f8f26ce8ceed4,Nisi.bmp,2006-03-04 14:32:00,2013-07-22 14:42:43
8039361,9b96b055c438a63e1b6afa068be80d1a,MaurisSitAmet.css,2004-05-02 12:28:44,2017-09-08 23:40:07
5880778,55891a5b5d59b0cfab9a1680f3537de8,InHac.pre,2006-11-16 15:12:32,2016-06-10 22:46:00
4968574,965ff727bc2df5dc6f56234a3b084e16,EtUltricesPosuere.xwd,2005-09-13 09:36:23,2014-12-24 20:11:37
7665727,2f5ddd1e958b8ebe9970e5b05994864c,Dolor.talk,2006-09-23 10:14:27,2009-09-19 08:40:37
3775210,8563929f2d9c9706b9730f9037c19033,MolestieNibhIn.uil,2005-07-13 11:56:42,2015-07-19 16:20:01
1525285,6c92c889913c0e47eb2596e882741133,Odio.unv,2000-08-02 02:34:55,2014-10-29 05:53:08
5294688,4e6235f70f4d7e2b63e5bd8b8fd79374,Mauris.nif,2008-09-15 14:49:12,2011-07-05 07:44:34
9111502,36dc07f88236d5749fe2a221724ddf74,Luctus.bm,2001-01-23 10:47:57,2013-02-13 22:28:50
8356020,f1d15b143e66d5ab2c17850c2bbae879,Bibendum.mcf,2008-02-26 11:19:32,2009-03-21 23:15:33
9840619,b383b25ccd23095cc741511ba43466ac,IntegerPedeJusto.xwd,2007-09-03 18:21:58,2016-07-18 02:25:49
4814032,215c3dbd05f020585e6ea900ebe806a5,Id.jcm,2000-11-26 09:20:55,2016-07-06 14:08:25
7304662,bbb6896c0a70de188f151ba47abbac8e,ElementumNullamVarius.wri,2003-10-03 22:47:33,2010-04-11 07:19:33
3022926,98eaf44f5d1c435da874bde0330cd1d3,LigulaInLacus.skm,2000-05-21 06:25:36,2012-01-06 15:44:47
6526297,e94f8246bda84e87cdf3b3cc90fdb0e5,InMagna.mpc,2000-12-17 16:28:03,2012-03-26 05:58:10
3783126,85dd3d8231546bdb9769fab751093ef2,Vehicula.snd,2006-02-14 23:36:14,2010-04-15 12:18:06
8510789,5285af3e00eae88fde1a7f730cd0978d,TurpisDonec.xlm,2004-07-15 06:38:59,2011-11-27 17:39:23
3268183,e90302319f96655235052991d054e388,Velit.rng,2004-02-08 07:02:25,2012-10-23 22:45:34
4182834,e222ba8844093dcec672742bb7f4de7c,NonPretium.tsv,2006-10-18 07:47:28,2012-06-29 12:31:36
1512519,41f5b39ac7ec315dd07c6782e74ae5af,Bibendum.bsh,2001-05-09 14:37:51,2011-05-25 16:53:56
7955350,52951cb98113e2a3e6dacbbacb8dc894,MolestieHendrerit.sid,2008-10-11 09:06:35,2015-06-02 01:21:16
5818417,cabd0a76fcc940611227ec4ff7097d23,Fermentum.mid,2000-01-03 23:55:02,2012-12-07 06:42:06
6552783,78af0eea0b03e6fd7aeb6ac3744c658f,Fermentum.m2v,2000-08-31 23:18:50,2009-09-28 13:25:13
5865381,8d27ce09cec551338ec377274ec4bfce,SitAmetEleifend.xlk,2004-08-19 07:22:33,2010-07-08 21:10:19
1394725,12042e775e70429d9c41170ce7b4d319,Orci.aam,2004-11-16 18:39:59,2017-08-11 10:14:30
4416130,9416d3ded3786caa4a5e505a2cfb96a4,PlateaDictumst.js,2000-11-21 05:20:04,2009-04-08 09:41:36
7154558,5e26ce01d7b90cb018d23c7343d39368,InFaucibusOrci.skm,2002-09-05 03:24:31,2015-10-18 05:27:25
5197284,1e37e8ab068d22b8dc801c24fa7a3c76,VelitDonec.sgm,2008-12-01 22:04:44,2016-04-17 10:42:42
1275704,a9c3439b4329610b4d448e8b0be5487d,TurpisEget.word,2001-12-08 18:25:41,2012-04-18 16:12:24
9245635,0835fac676481a878064ca1dfa246260,Sapien.rm,2007-06-02 00:30:06,2013-04-17 05:17:28
1559536,70d4fc21be3af627c723f8360ecb31f5,Maecenas.plx,2008-08-20 01:35:37,2010-09-21 17:48:02
4256739,8456f91406dda266ae2167f187d7dc2e,InLeoMaecenas.list,2002-04-15 09:31:00,2013-06-04 16:02:24
9763652,28983fee381eeac82bc65afd2078184c,Vivamus.dif,2003-10-10 04:46:55,2013-04-07 13:15:48
2967901,ef7ff0312d4c1aab5d2735392d67f17a,LigulaSuspendisseOrnare.ms,2002-09-06 17:54:47,2015-10-14 15:16:08
9741522,5503746b46e6eab93b8ae94ca6d67c43,Nulla.cer,2004-08-06 11:12:10,2011-02-09 18:43:27
5033404,59d51c9357709af81e56121c041e464d,NonInterdum.xpm,2007-11-04 10:42:44,2010-04-30 07:36:23
1518420,7108d2da8549c280d7141efd05191abe,Amet.mime,2008-10-04 14:26:20,2016-01-17 05:44:50
5176771,c22ad79c82bb7c9fc429a176e16f1800,In.tbk,2002-06-07 13:54:32,2012-12-16 11:32:01
8449949,342f3cdedee5bd74a245a1e63df57641,DapibusDuis.drw,2004-07-22 22:40:51,2016-08-14 06:09:04
4516558,b2eb7b34966690a2c4eb212dabba2d51,OdioOdio.src,2000-12-24 09:37:32,2015-07-15 13:24:23
9901473,cf919ae843c60b1529b54c46a121236e,HabitassePlatea.bcpio,2002-04-09 04:20:28,2012-07-22 02:53:29
7952890,38df7e5abc2665feef271cda249f2fa4,SapienNon.pic,2002-04-08 05:12:58,2012-02-21 16:11:26
5934391,83719ba3dfe345f698b561c4cd9621df,NislNuncRhoncus.ssm,2003-08-31 21:41:56,2010-09-22 22:35:09
3123584,eae666f45a17354eaaafa40b82930d25,Proin.cxx,2004-05-08 18:43:40,2011-02-23 23:44:13
6277147,d07d7b0cc8a40abb45d39ea80dbe6cc6,Nam.hdf,2001-06-25 03:47:22,2015-03-20 09:30:10
2162950,1338ffa23bb69b32fb0c02ffd078c0b9,MaurisUllamcorperPurus.aim,2002-01-09 12:39:12,2016-01-13 16:38:29
6244740,5322579aa8e1e759829950d857d136f3,LaciniaErat.stp,2004-07-22 03:45:17,2013-04-23 05:14:28
4613273,63ed8528029ab2044d15a52d02c136cd,NamUltrices.f90,2005-07-11 10:32:14,2011-09-21 09:19:52
7628755,cf8d8a03bbdef5eab5909639b32fbd82,NullamOrciPede.js,2003-06-27 18:23:15,2014-02-26 16:10:02
4420203,d8fe82b9807a4b27768026b5264a9441,At.tsi,2005-11-09 02:10:03,2016-06-05 09:11:11
8662315,d382e8b255e1dda95d011376657a43d9,NullaDapibus.s,2006-11-08 23:26:41,2011-03-06 20:49:15
3868312,1d6953d23cb3f68d0acec8d34b424ece,MattisNibhLigula.map,2005-01-16 11:05:28,2010-09-12 02:40:53
9400368,8935afef4c30bacb15553635502ec321,SapienArcu.uni,2000-07-31 10:05:22,2013-03-02 19:58:04
7666849,970cda6f8bbd9cd85624bfbdcae9f460,DuisFaucibus.psd,2006-04-23 00:15:21,2010-07-12 07:23:19
4090805,c761269b59c5ed0f89f45ff5c8aa080d,SemperPorta.ivy,2000-09-30 14:03:20,2011-06-22 04:03:39
4165805,df061bcbe90baf31b616cdc14b1d462b,Cras.mov,2003-01-19 16:34:13,2014-11-23 06:07:56
8860167,1e260d7cbb211c5d7edc616f38f80b83,Nulla.ltx,2001-08-14 07:02:52,2012-10-14 15:11:20
3702971,0ecc9db6e973045a6d5c242aa25295d3,OdioIn.lsp,2008-01-18 18:38:07,2013-10-03 20:26:19
6352373,01dd8111ab4d6405c58428606cd4218c,QuisqueErat.pps,2005-04-05 20:34:40,2015-10-31 16:22:29
8944795,d110585d77d79da661ec6edf1385fa63,MorbiAIpsum.wq1,2000-07-06 16:12:55,2009-06-08 07:59:43
4890793,c4730e20ed7c3ac0f83a65c28323b655,Tempus.pot,2000-03-15 07:07:48,2015-09-03 20:42:35
4033089,8d06aa6329d246ddbc5de685ddd7d5e6,Nisl.pm,2000-08-21 00:18:35,2010-07-20 16:02:15
3331323,456b4d5e962b7e82221875a731f22f00,Nec.flx,2001-12-08 07:23:22,2009-02-12 10:01:11
2573921,c5ed3ee7724c52098150c9412513a353,Laoreet.mpeg,2000-09-22 09:20:55,2014-02-06 15:16:31
8131255,a6ca332af548247665e0c5cadff4f04c,Velit.lha,2005-03-14 09:06:03,2013-07-09 15:14:34
3542871,d379eb7057c3c9919b12794aeb22aa81,Donec.htmls,2002-08-05 13:17:13,2017-02-22 03:16:24
5494227,da7681bf5ea41b397b6753afcc8d76f2,IntegerAc.gz,2004-09-11 00:31:41,2009-11-10 12:57:36
4779036,65cbd2f94698204c1956c1fcc4235c4c,Dictumst.niff,2002-10-27 20:54:49,2009-08-24 10:52:50
5522166,94e983d0d048ff7def63140babd3a137,IntegerAliquetMassa.mpe,2003-03-03 17:19:00,2010-11-17 05:57:19
7363966,0f3965c5bb40c63659221ccdabab7be9,QuisOrci.bmp,2000-07-26 22:37:44,2012-04-22 18:12:56
6562859,7af1223e4aab554c07b7f4d7a6079284,FusceCongue.nap,2002-07-11 20:25:39,2011-04-05 13:48:36
4619567,cf00ac4a961c2507735787a19976f7fa,EstEt.xif,2004-08-25 00:28:56,2009-07-20 21:28:35
5523629,86ad397437d85c53aa3d5bc28877e6d1,MassaVolutpatConvallis.skm,2008-07-07 11:47:53,2016-04-01 10:13:13
7194997,aba0c75ac382603b74c6fa60e87a6aaf,Duis.mp3,2006-03-14 17:26:46,2016-08-18 08:10:54
2154435,ad01910f049e3e44948f9da0ae5a8a54,JustoEu.lst,2008-05-14 19:14:49,2014-09-11 10:36:50
8891642,0628c5e6dc40b4c898f746a5cd9d2ee5,ViverraDapibusNulla.texi,2000-11-24 04:32:42,2016-10-29 18:38:59
9502380,5fd3b3084951aecdaf2321eed85543f5,Et.xlb,2006-04-29 23:37:38,2015-12-18 21:46:26
6423363,76e89cbe6125f3ce9f9535b5e51015d7,ConsequatMorbi.snd,2002-08-27 19:45:21,2012-09-27 21:58:06
3610595,40b25a29496ac644eff75c06bc747a60,SedVestibulum.mp2,2008-09-24 12:28:56,2011-06-21 03:21:37
2656252,f15c85169bc3aa1b6d4717160be4d0ff,NequeDuisBibendum.xlv,2005-12-19 00:36:40,2010-08-23 23:40:10
1835932,ce8f0a055bd37086e312ce4e2122bfd8,Pede.js,2001-08-28 11:46:37,2011-02-09 13:41:45
4995698,918f2d0a8d0e4a33e9851932ee4a5476,Pede.book,2000-10-09 17:40:30,2013-06-29 17:08:14
8243040,66656a233929d2d3545e4e1df560ed0d,In.wrl,2004-07-18 04:03:25,2010-05-29 15:04:41
3528853,c967b151e3aebb468c20e92eef46839f,FuscePosuereFelis.vox,2007-02-06 13:44:56,2016-12-30 03:31:09
8779096,5973921ae2d04cfae0144ad99d52b111,FusceLacusPurus.bin,2002-04-08 13:26:28,2017-02-10 06:14:17
4371785,80ba42f11fc9f4d094e18c334d54c76c,UltricesPhasellusId.vrt,2000-06-16 08:56:35,2010-03-31 02:20:40
6290422,df925ce6971c14ee4f6d312ffb183eb1,Volutpat.pvu,2001-07-14 16:02:34,2013-03-02 07:09:13
6171574,f8d66d82f441d9bf390af87da2214f40,Nisl.list,2003-03-04 10:58:15,2011-03-01 01:46:45
4953042,c1cb39ec45d3958ae9ffdde9e9f0a81e,Aenean.cpt,2005-08-15 01:03:13,2014-03-18 04:10:39
1166679,dcf5e2038efa7fbbabafdecb9b50b3b0,Nonummy.asx,2001-03-16 18:15:23,2011-04-21 13:27:23
2902690,3eeb7927f72953d2e926d06821c1d989,PretiumIaculisJusto.step,2002-08-04 11:34:46,2015-03-24 02:16:05
1105880,99ce4bb5067d2c819eb93e6ddb81d6ce,OdioCurabitur.g3,2004-05-03 16:28:54,2010-04-02 07:45:16
9773377,21ad668756ff6e622d9f0076916cd55f,PedeUllamcorperAugue.isu,2001-10-04 22:03:00,2016-02-16 09:30:01
1072582,2a8152726811ffd15eb4c53206bf1a1a,OdioCras.xlm,2005-07-17 17:22:38,2014-07-05 09:12:14
6075922,2b078148f27bfe1101f3514d669f3c26,VenenatisNonSodales.lsx,2006-10-12 22:58:37,2014-12-19 12:14:39
8246991,c547ca18df561edf8b3981028865ab67,Eleifend.s3m,2006-01-19 14:03:23,2014-09-13 20:32:42
6017381,c493499c3cdaeeefee40d8cfb31f04eb,NequeSapienPlacerat.mcd,2006-09-29 01:30:32,2016-06-16 15:01:04
4014520,d6bb46b1a9ff4c842ed3bee1f93682d6,Non.dif,2002-07-08 23:48:54,2010-04-24 00:14:20
3962647,caf8d4d257efa3b2ed9090b933d20415,Cras.scm,2005-04-03 20:42:05,2014-10-31 01:00:58
5269309,666fdc2f98cdcda64c32fcf7be0890cb,Lacus.tiff,2003-03-26 00:19:36,2010-06-15 15:02:10
4915175,4e176c96acf48c50d18efc588be96e7b,MalesuadaInImperdiet.rtx,2007-01-01 03:11:50,2009-01-13 03:45:43
4921893,28c36fb8a7e365b630516364cf95168e,Euismod.xlb,2007-03-31 01:00:35,2015-02-20 03:52:18
5680564,02efc2502e734ad061a47278051821b8,Tortor.asm,2008-01-10 01:59:44,2014-06-17 18:01:18
1230748,cc4554724ca7a8791683733ce53cd02c,SapienDignissim.xif,2006-02-10 00:03:38,2014-09-16 06:42:58
2376596,24eafee5590454fcbb26ff5502e3e88c,Sapien.aif,2000-11-04 06:23:49,2015-04-20 11:14:08
7948608,45ead06f02c2039d2cee806ef5a693b1,Libero.xlc,2003-04-12 18:29:29,2016-10-12 03:36:48
8753495,c3bba77190cf784b71a5c0531a088e07,PellentesqueVolutpatDui.mpeg,2005-10-29 02:59:12,2013-01-16 18:02:59
1037579,9bb97b3e748f6db6a9b1adb611181fda,MaurisLaoreetUt.rmm,2005-02-28 19:41:30,2017-07-03 22:28:58
7621033,cbacef42c863646044a68ffbbee6bdcc,Neque.js,2002-11-10 00:37:46,2010-04-28 04:40:04
7296289,15e382a3e2b17aa94b651bb895e5ec62,EratId.avi,2003-03-06 04:49:29,2017-02-27 19:43:39
4195826,fb56f21657c523d4675f56bffe73df08,NasceturRidiculus.dxf,2000-05-08 05:40:51,2009-12-04 10:44:11
8566847,36e24c4cd63baca3cbcdcd6359e8d040,Vel.mpga,2008-06-18 07:08:43,2010-12-05 08:54:45
7790811,8df393db96f27135397b301d2f8ff85d,ElitProinInterdum.wri,2000-03-20 09:35:06,2012-10-07 11:42:51
9278330,7087d4bdaca4f80dda1db55a8b584165,Justo.js,2006-06-29 19:59:01,2013-06-05 17:21:40
1196624,18f5568d51a137ecbf66aa7c503618d3,Aliquam.class,2004-11-14 01:02:02,2010-03-16 06:10:33
6354047,73cbed4f5b08163318980f9c980361ea,Consectetuer.ssi,2000-11-08 16:08:24,2009-09-01 10:57:43
2040215,5695a3e0392535d594b4fcff132d826b,MaurisNon.lma,2004-12-19 17:49:07,2012-11-20 02:17:09
7029795,47f688b6c7a4ebe63aa025aaad36b511,EleifendQuamA.java,2002-04-14 13:58:17,2014-08-06 22:59:12
3142389,6c4105d6db594496a9183eeb791dcb61,PlaceratAnteNulla.htm,2007-05-21 18:27:04,2010-12-06 02:31:33
4115192,a2dfdd429af2161bafb660e331cadca1,TellusInSagittis.mrc,2000-12-19 10:07:18,2017-10-16 04:34:42
1343050,cd91f2373c37038987c8d01a0d8ebf96,Ante.wmls,2007-11-22 07:54:15,2009-09-15 18:19:06
8765769,74fc59feb3f2e3cfa08a12be57deaf59,CursusVestibulum.acgi,2000-12-26 20:51:11,2013-10-13 18:24:13
8492849,c23ab19330a4fd3f7e3df096691579b7,InterdumVenenatisTurpis.rmp,2001-12-08 21:36:18,2013-02-19 02:09:40
9998818,f889f10506ebd2ed88aa19fc522cb043,UtErat.shar,2007-02-16 21:29:29,2011-12-22 22:52:54
4096555,0cfacfe8f046c8e6c734042c0d165245,Ac.kar,2008-02-22 23:29:21,2016-03-18 13:48:16
2986132,aefd05a4232725c7806a1d6f6b17162d,Posuere.step,2001-12-04 19:09:41,2014-02-01 09:56:42
7683155,1333a1b173c91338b74641ebe94676ab,Amet.vew,2001-05-30 21:03:31,2011-08-11 00:06:56
3227085,de19f04d0dbe8e17b4b4b8b992d216a7,JustoNec.au,2002-05-15 22:02:56,2013-06-06 10:04:38
5647717,170210c690e7f32aaaeb4197d17c4654,TortorDuisMattis.xld,2001-11-25 08:14:15,2012-01-15 00:56:28
2624922,f6590e6310d529f075a921d86aaf453d,PlaceratAnteNulla.evy,2003-06-15 17:04:54,2014-04-01 06:34:18
9763196,6e95a3136888e554b51f91484bc9f8de,SedSagittisNam.tbk,2005-04-02 08:21:35,2017-11-03 02:49:59
3967396,3305af4fab7a4cb26b2ac4b244b18252,A.tsp,2002-01-08 19:31:20,2014-03-14 23:35:55
9040292,11d6c0190e30b1a1853f49a62b8b2e73,SedMagnaAt.hpg,2003-01-24 14:42:15,2017-08-02 22:47:15
9632886,8f93a8d716a5d409089dc0f7dd5851b1,Turpis.cdf,2004-04-16 08:43:36,2009-01-23 05:16:10
3978945,a6e834295990f2afeba066b102400ec6,InLiberoUt.aam,2008-01-18 17:52:09,2017-06-13 10:15:21
8637491,27614e5532bc01e459fc0f11e38fbc20,SitAmetCursus.c,2008-01-12 09:43:36,2015-09-13 05:26:09
7299807,4f8bb9d3a1d5b0c67844b8aa039a3d8c,LacusAtVelit.f,2003-03-13 12:21:55,2011-08-14 16:52:12
9285669,5f8e8e5d98b4abece0026f22c62a0f55,NibhInLectus.vivo,2008-03-29 08:28:28,2014-11-11 10:29:45
9955095,a09ac5d07271f7b4f46cc5d71c11e73c,Blandit.jav,2003-01-21 07:57:11,2013-05-14 22:31:52
2505279,31e970b28317abebebe8d5312e11dd7c,VestibulumQuam.rexx,2001-01-16 23:29:50,2013-09-25 19:29:49
2830635,f4ffb77113eeb31335c3890c60c6a770,Iaculis.cco,2006-04-03 07:04:45,2010-04-23 02:47:59
9751134,50ce474c33da6302aade4e961e74cb43,Purus.avs,2000-01-25 17:05:11,2010-01-28 23:43:32
9860758,36d53a3593da7a8ac01312bbbf7c30b9,DictumstEtiamFaucibus.dxf,2002-06-24 05:30:47,2009-03-02 06:17:27
2222318,6a79ce706836130b084023b25d5debc7,Erat.stl,2001-01-22 08:06:24,2013-03-14 07:39:06
1799263,a757b6fe00448e7db3e36cf31e40c476,Vel.la,2006-03-02 07:01:47,2012-04-15 08:33:11
9299112,cab72ad577a90fb555d0d92554546d11,LiberoNam.qif,2004-05-04 00:44:47,2009-02-14 07:40:27
7124863,ac9bb64e3cc5df178743a07fb7ad8419,EtiamJustoEtiam.jav,2001-08-04 11:38:33,2014-03-19 16:56:00
3041368,e77eaf7b159df645818402da57bf6ac5,UllamcorperAugueA.asx,2004-05-14 23:47:57,2015-02-23 15:33:12
9673885,b776bb0f928d235bc1d464ed115a2154,JustoIn.dot,2003-10-26 20:21:19,2017-10-31 06:41:55
4143520,d41ceeb33e64716dae1ee7647b5474f6,AliquetMaecenasLeo.sh,2002-02-23 15:21:50,2017-08-22 17:15:57
4332295,f253fad9c82fbee805efa5b321f9c98d,ANibhIn.scm,2008-06-10 08:05:54,2010-06-22 12:25:19
7994408,8aeae489f12f4b91d3aa6f2e82d9a4cc,NatoquePenatibusEt.f77,2001-02-20 22:58:28,2016-03-18 20:24:49
1115212,680506e0170842b6e1076693a3ba3b3b,EuTincidunt.pot,2003-01-03 18:18:35,2009-01-09 17:32:20
6633541,99539bdf710a981eb26b94eb10a86237,TristiqueFusce.uu,2001-08-12 23:17:40,2016-07-10 05:40:55
5025599,6c42a425840363240bc1bb08631f9cf6,Urna.hdf,2008-08-25 10:49:42,2013-02-26 13:29:36
3033459,c084b45a44de6ed4d918fd53569e215c,SedVestibulumSit.voc,2004-04-16 16:36:47,2010-04-21 17:27:15
9632106,a1e3ccaa0718dceafce108bc9886f5f3,LiberoNullam.xlm,2004-02-25 12:55:26,2017-10-05 05:20:57
9063640,a74e97c04e70737915aab5572f0d2c67,Nunc.mpp,2001-04-03 16:20:39,2016-10-23 15:05:19
5715751,8e0ad856fa9cb246395fb54a8fc6dc90,Platea.stl,2005-02-14 03:51:59,2017-08-16 14:39:03
2781478,4de394ef0fe539f7123960fdb4ea8e86,Ut.htm,2008-04-20 12:06:48,2017-07-06 18:04:54
8851851,4424682fcaf32dd416dcab8e5370162a,Lobortis.la,2002-11-10 01:06:58,2010-06-21 13:30:41
3646305,2a90a1c0f76989ef1591593f7bc79ffd,SodalesSed.ima,2005-08-16 08:45:45,2010-05-04 08:22:51
4513657,b646ebbb0d570f0a53caf457325e824a,LuctusEtUltrices.pm,2004-10-27 04:44:18,2014-08-02 00:47:54
3958495,e1e7eb93e25010629d9c924009a776c4,Dapibus.spl,2000-06-03 20:31:24,2010-02-16 14:02:01
5095444,124a1e3193075eacab79a5bdf66752b3,ElementumNullam.cxx,2006-12-02 12:44:10,2012-06-09 10:34:08
4940050,6fde66d312d748dcc349ef1a513cfa9f,Est.tbk,2006-05-19 12:37:23,2016-02-19 02:33:42
6898687,a4a5014cd17fb0db45f28385c7f6de70,UtBlandit.tgz,2000-07-13 20:12:12,2011-09-20 01:00:05
3605033,a5928bf47414b32775121eab42e1af5a,Eu.svr,2006-03-25 14:27:33,2009-04-18 19:22:34
7994963,63de2c2ae51fb97c90b4520114fca93e,VolutpatEratQuisque.pcl,2000-06-06 01:34:41,2017-09-09 02:47:39
1610399,f672e109324c6c7c40e4e3cf386488b7,SemDuisAliquam.qd3,2000-09-23 21:49:49,2014-11-19 08:26:58
7418869,9df5e54a1af14fbf04eed263bd38cb08,JustoMaecenasRhoncus.hta,2006-01-29 20:06:51,2015-04-07 17:26:05
6170654,639b798bfa7f159b4277bd3d19ab59ee,Nulla.ras,2003-05-21 03:16:47,2010-11-11 18:43:47
7681817,66dbc93f79adbda4a8b2f33206eaf900,HacHabitasse.scm,2001-10-24 11:35:04,2016-05-14 11:56:04
2428698,91c08e7cf7976a30e4a762fc47b24eb7,AFeugiatEt.tiff,2003-01-02 15:27:41,2013-04-19 06:35:25
7635938,860d4372711cd0c5f869616f94af52f5,IdLobortisConvallis.mime,2004-04-14 23:43:23,2015-06-14 21:00:32
3062956,c04ed355ac34c7097e2d664b4036e926,Mauris.pkg,2006-06-06 00:27:33,2013-03-26 21:32:32
1506968,b93d1e5f93a698f8b535e763f822414b,IntegerNon.mime,2008-09-13 15:45:54,2015-11-07 22:17:29
3256666,413cb91683d6d8c86ef4784b3325aca1,DolorSitAmet.sol,2000-12-12 06:02:37,2015-11-10 17:57:56
5125570,abfc09d7427a21ee980c254069a6324c,TortorEu.pcl,2002-11-26 13:27:43,2016-06-29 12:41:36
6915421,7b6f49e67567476706c3f03e98ef3687,VestibulumProinEu.ppa,2007-12-15 20:57:51,2010-11-26 02:33:58
3436657,cf2d0218eb9d4f718137417dd77d430b,DuisConsequatDui.jcm,2000-05-29 17:41:24,2015-09-09 18:07:08
6922560,bcb5b5585051a57136df82e558e66521,Tortor.js,2007-01-30 11:11:28,2011-08-04 23:45:11
9603697,accccbcd9e8c913637f2967c9add4bcf,Libero.hlb,2007-04-09 23:23:11,2017-06-19 16:58:09
2671856,e0280e923ccb5911c9795b46d31ae38e,Convallis.spr,2007-09-24 14:25:38,2012-03-02 01:44:08
2508199,88dfde3c19fe867de5005ba30b6ba352,MassaTempor.hqx,2000-10-15 19:40:29,2015-03-05 16:42:04
6792446,59dedb0b88ed55332c17b2ce42c71601,AccumsanFelisUt.jpg,2008-08-09 00:44:37,2011-01-29 23:35:10
9863416,471f8035bf32c2c94ad6a86cb2a2bb41,NecNisiVulputate.mar,2007-11-01 10:54:29,2011-01-10 08:20:04
6662975,d1fb00c7f6c07c4cdb3429a014bb1cc9,InTempus.mm,2005-07-21 08:33:02,2011-03-28 21:16:13
2731704,8c976a01850519c7ef3bf9f8944db629,ViverraEget.arj,2001-10-06 18:50:35,2014-07-27 23:19:32
2507917,6f3ec1531a99e9ce99b77799d98dd99d,BlanditNon.xlv,2005-11-21 23:57:02,2017-07-21 20:50:37
1255485,356e8ed568c70ffea4bc10c81d7356f7,VolutpatEleifendDonec.bin,2000-11-01 10:16:31,2015-05-09 14:49:07
4156971,8a1e96a035244f8d6bfcc737b05221b3,VelSemSed.viv,2001-01-17 13:32:55,2017-09-02 17:02:02
8273345,1233828d26a8d1e8877b307906386299,AmetEratNulla.my,2002-09-05 10:35:10,2012-03-27 18:15:08
8467320,a97d289c8701f86771a633277de9a572,AtDiam.lha,2001-03-09 21:02:18,2013-04-14 08:05:10
7097438,32d5ced61c725ec5fcee923b0ffec904,VitaeQuam.vrml,2003-10-31 01:20:05,2012-12-04 01:07:22
7355304,0a9aab377e056690b8ff8273a9046e5b,Congue.mht,2005-04-24 02:51:52,2012-04-06 15:00:27
5865233,ed599e15f446c1f989677ec2bacce737,LacusCurabiturAt.gsm,2003-03-19 22:44:30,2013-10-15 07:30:21
7460734,1267793f146f6cf7b1f484a9c48ec30a,Id.pcx,2004-03-31 17:35:35,2011-01-28 18:43:52
6394511,8928a25e7eb0a4978fab436c308690e2,Suspendisse.qt,2001-05-09 19:20:37,2015-04-05 10:50:49
1589009,726729da0badc827617f663c4ca36eea,UltricesEnim.lzx,2002-12-20 20:20:09,2011-03-10 12:09:52
1337714,9056662bef7cb95c7c7ae2d70b5fa010,Eu.xlm,2004-10-02 01:53:05,2016-09-23 19:27:14
8912763,8a87af6edcccbafef3b41968f3055e63,SociisNatoquePenatibus.mp2,2007-11-08 17:20:33,2016-11-24 14:33:04
2081651,5db1baec8065e843d2e39f930870e6fa,EuSapienCursus.sgml,2001-03-16 16:52:35,2015-12-25 06:58:33
8533208,f423e081b51042dacaf3801f974005f3,CondimentumNequeSapien.jam,2001-05-31 19:08:54,2010-07-11 04:12:14
5847722,47d18072c0094080185d7918a57336ae,ElitProin.html,2008-04-20 16:20:31,2013-03-11 15:40:05
3332751,c7b8323daf632a7d29c8d78cecfb1f73,CumSociis.gzip,2005-10-09 06:06:45,2010-09-19 06:12:59
2436727,c13b6a9211f789347c7bd4dd41373f6f,DonecSemperSapien.lhx,2004-01-05 15:41:49,2009-05-01 23:44:29
5409753,328fa64f9106fadbbb9445658ac948e9,Vivamus.scm,2004-03-19 00:56:55,2010-04-15 08:22:22
2618598,01597b1b35795e171d82bc754f143996,A.s3m,2002-12-31 08:39:54,2012-02-18 13:47:42
8992320,4a04aa7f85d676b3d48cffb6a8e54a9c,UtMauris.mme,2002-07-01 18:48:20,2015-03-11 06:41:26
5616420,fcd84aad5a1d5cfa13ce40a81655f40f,AmetJustoMorbi.vcs,2006-02-07 03:48:23,2017-11-05 12:09:18
7174044,1b2922ff5bc5e19ece1bbc6976f8aa45,AcConsequat.rtf,2003-02-17 12:04:24,2017-08-02 10:07:41
3987839,ef63158a44bf79cbb99d79c5ad51de62,ElementumLigula.f90,2003-01-10 19:22:21,2016-01-22 06:16:16
4559951,fe1cfcc41a494182f93e1d813e032381,DapibusDolor.igs,2008-08-01 18:53:08,2013-12-07 16:42:43
3203737,8a7b6f377e0c2bbdd0348d97572c1b61,ConvallisTortorRisus.js,2005-09-28 08:53:18,2012-08-05 03:23:58
6626282,408f2f3f9c5aebdcf128e369ce8ca59c,LuctusEtUltrices.css,2001-06-07 18:01:19,2013-07-01 07:13:03
2654051,f8fa8a75bfe29a762cff80cca690591d,QuamPharetraMagna.mpx,2002-05-29 23:14:39,2014-01-08 13:36:42
4715823,400320439a1310f837fe92b33a8d35ac,ElementumNullam.p7m,2004-10-08 16:50:44,2017-10-19 11:46:45
4251993,754a8ab2da0c5b0c020b17eb0a8dde00,QuisTurpis.jpg,2002-10-08 13:46:27,2015-04-21 09:42:32
3725276,094f543bb93b8b353f6b70a101b0bc3a,MagnaAt.avi,2001-03-02 23:47:39,2015-06-12 23:39:09
1315895,22e2a763bfc014e80d7dbb961d99d6b5,Amet.a,2001-02-08 17:21:43,2016-07-13 17:11:47
3695828,3962bc529711a93f4c6c318e5fc9c2a7,VelNullaEget.pbm,2001-09-19 02:03:24,2012-07-10 19:04:57
9283550,d9b4ada9dadc890fb1e2cb11b2273278,Lorem.p7s,2004-02-26 20:14:11,2009-01-05 06:19:19
6925851,03daacf207b1725f188bb66a50eca244,NonLigula.mpx,2003-06-09 17:51:42,2017-06-05 12:37:03
2767679,6a11afccc9fa8baafe2f83cbe21ca084,Nulla.nif,2007-08-19 15:07:01,2012-06-15 01:18:32
9310797,6ae43172768bceda087534573d15ae8c,Ultrices.bmp,2001-10-03 01:35:21,2014-09-19 11:35:23
5837860,98eabf916def98674375bc754811e5a0,In.me,2000-08-12 12:49:42,2017-07-17 06:38:48
7679992,f54a8029c0765643106d178087d00ed0,Nulla.kar,2001-02-11 03:03:40,2009-04-14 14:14:14
6139930,3352dd2b0e6c2154bcd709f59d1c5fb6,DignissimVestibulumVestibulum.ins,2002-08-14 07:03:29,2014-08-02 18:55:50
4244780,f880cd650afb7fd7c2515ce2d08a3f76,NullaDapibus.bm,2005-02-04 23:52:51,2010-09-24 03:02:43
2176661,5f0ae48257990fc5dfb67f8561db04c4,NibhFusceLacus.scm,2006-03-05 06:59:46,2012-08-02 21:17:48
9238488,a42122e680ee13a46b5601436a5acdec,LuctusEtUltrices.iges,2003-07-17 16:51:45,2009-03-29 00:46:20
8441296,c06f1e0e2b0e083cb8284f3fc48b9aec,Ultrices.asx,2006-10-08 06:32:09,2012-06-10 11:54:32
5266107,1dcf25c8d999d1ec04392c69750b33c4,MaecenasRhoncus.wav,2002-04-12 06:38:42,2013-01-23 21:30:11
6850748,4736494c0d931f13969aa89147526c3e,MaurisUllamcorperPurus.pict,2003-07-31 16:30:07,2012-01-17 02:43:45
5155612,30bb8eb38502727c2c8c27c80d2ce2ad,NecCondimentumNeque.tsp,2006-01-06 15:55:16,2012-09-11 10:49:45
1356698,24c7c55d359e21f22f377accd89bc17e,DonecOdioJusto.dxf,2005-07-09 16:14:14,2014-11-25 21:54:22
5292547,71ceabc372a7bc09d10e257cb18e84bf,IaculisJusto.pct,2002-09-27 05:52:59,2010-01-27 14:04:07
2775635,16bcefd6b5cdac85d95376c5b5920e2e,Eleifend.midi,2006-09-06 14:18:27,2017-03-10 05:19:19
2776373,ed78122469ab177270cdf8d59205d073,DonecDiamNeque.sgm,2007-01-28 14:30:53,2016-12-18 14:42:43
7370116,8e0583fbfcdbd6f1f824f074c800ea00,ProinEu.qif,2003-06-27 07:06:33,2012-03-30 23:59:36
6382597,e9ae9ddc2849f89acc358cf0f374878d,NonInterdum.evy,2008-06-24 20:05:13,2012-04-04 04:36:17
5038367,8b33bdf9a714d874d45f20cde0ffc835,MattisNibhLigula.p12,2002-09-23 21:46:45,2015-10-21 09:30:12
9114641,a0d98446f24eecc9c013a0d2b8e54997,QuisquePortaVolutpat.ra,2001-11-18 05:39:12,2009-07-22 10:16:13
6030954,4719797adff1624658fbe2e62b5911a6,AliquamQuisTurpis.gz,2006-08-27 15:33:36,2011-07-23 04:55:05
7722450,7c18629bd4b3337ae5a7759fe76ab3fe,Hac.svr,2002-03-02 03:04:32,2015-07-23 15:44:18
5604322,93390e47ebdcf133bd708d90b81bc26a,Erat.xlb,2006-06-08 00:17:46,2009-09-30 14:27:06
4519018,a551169aecf152d080d3bbb8d82f7839,CumSociisNatoque.s,2004-06-25 19:40:44,2013-12-18 23:38:17
8404108,c0813aa3ebace7b1ad1081eaf8ead80e,Est.pl,2007-05-25 22:39:00,2015-06-21 17:27:24
2246496,57f3dc2b65fcf3ec40198b883b4fbacd,QuamSollicitudin.rmm,2001-11-29 05:54:27,2013-02-06 04:48:57
5476607,1581e58e18d205aad524ea0209812e34,UtTellusNulla.ustar,2008-07-18 03:19:34,2009-03-24 07:47:16
2813022,606d5d06072af893e378736d27fbd55b,NisiVulputateNonummy.afl,2003-11-03 16:38:44,2013-12-02 03:42:38
9111247,fed8ffc1ce49ae0d67fed7d82704389e,IntegerAliquetMassa.tcl,2001-09-03 08:09:57,2014-07-17 18:02:04
9488086,a81d1a7bd752573ddeeb5dad64e598be,HabitassePlateaDictumst.asx,2007-01-02 08:38:39,2009-11-20 16:15:58
7219764,25276256dc88dfb7dd9b1a7d2584277b,Ultrices.dwf,2004-12-13 10:14:04,2011-11-01 08:49:12
9802405,f2e9ec4bfc7e65473d7abc435b3b9019,Metus.xll,2005-01-18 20:26:43,2009-06-24 12:40:30
7424040,2129a2c93d404b00536ae5e7c6741ee7,Felis.mime,2001-08-03 12:23:47,2016-03-01 17:08:47
2139247,0c892275630ed6683dd1af5d7c80ceea,ErosVestibulum.fif,2008-08-06 07:21:36,2013-12-30 05:44:44
5351247,6f0110928b27def1bc2c3d0cf1db3a3c,DiamNam.gtar,2008-07-04 17:26:23,2016-11-07 07:10:09
7702006,35ec1c1e1cd07f42def3e06fe16500e1,Sit.sl,2005-05-24 14:15:14,2011-09-22 20:31:55
8929101,b7a228e4c37bd69aa41769babe481c98,ConsequatNullaNisl.mv,2003-03-04 03:49:37,2016-05-05 09:08:32
4615637,9da977a0e8202142590ebc798de3a9c2,UtEratCurabitur.jpe,2000-10-24 07:04:08,2013-12-30 07:40:17
7991156,db544f295dbb345e8febeff74339a80d,VelAugue.unis,2000-11-16 13:40:21,2015-12-15 22:44:14
5761407,863ad9b957c35f1723d561c9ed210e73,InMagna.p7c,2002-11-18 06:18:25,2012-10-22 05:52:03
5308488,24de2a1865f7e64cba781f21204b545e,Nulla.kar,2003-04-12 23:30:54,2012-05-01 17:47:11
8402613,282772fe379fbf82ce41f95f203a7466,Faucibus.vrml,2001-10-08 16:34:40,2015-08-08 08:48:56
4072917,eac6d74996c4502030de4c558f414574,NibhIn.vdo,2008-03-15 15:38:39,2010-10-31 20:30:08
1515556,c6859086c9b896cf4b2933e251d95c34,AugueLuctus.mme,2000-02-29 13:10:28,2009-10-07 16:25:15
7039838,0c961942c880dbb2672a871ccdec4243,InterdumInAnte.sgm,2000-04-15 20:04:45,2010-05-02 19:36:54
2576604,53eff6afc973f0214f4f23cd31059b40,TurpisIntegerAliquet.ras,2006-06-16 04:28:21,2016-06-27 14:53:06
8044292,1e9747a52d6a8fc54aca5cdeae8e96a6,BibendumFelis.p7r,2004-03-07 00:26:00,2014-12-15 05:39:39
9377351,097d6bbf18df7b1167f0b4a426ca1010,Nulla.mp2,2002-08-14 22:35:35,2017-07-27 05:22:16
1064570,ea23dc199adb458d41d841d08217dbce,Aliquam.wtk,2008-06-23 08:19:58,2016-10-21 10:30:33
3029188,884ca6d4c6229c9549dfe18c59087f43,CondimentumNeque.shtml,2004-01-01 00:19:47,2013-12-05 19:32:53
6999274,26428cb248dcc4216005eada86d5cf38,VestibulumAc.swf,2006-08-26 08:25:37,2009-09-11 10:19:22
1748720,13b01dbc6faa1da8f84018977d21c01d,Nullam.rng,2008-12-01 05:06:55,2014-11-19 23:53:54
4717169,d668af640dad7749eb162c744c17ced9,InLacus.sl,2005-09-26 10:03:47,2013-05-19 00:39:24
3151426,30fce89c098bff53f11f3697f07ec690,LuctusEt.fmf,2002-02-22 08:19:18,2010-03-14 04:55:54
4077809,095bec06f7a6392820c3f5f850a7ec08,EstPhasellus.def,2008-11-17 00:49:22,2012-05-25 00:25:04
2730098,f395fa47e515c79d460fcdc87c54843f,NisiNam.hlb,2003-03-24 08:45:12,2017-01-23 15:10:36
1895822,a1a866221ec3f4d8334ecadce7db80a9,ScelerisqueQuam.sdp,2007-12-15 16:36:04,2009-09-05 18:12:15
8107329,446579d01f24ccc2eaebb2790a5340ad,AliquetPulvinar.css,2004-06-21 19:56:20,2016-09-14 11:43:54
2863762,fdb8c97070f17070dd05b7ddbf0bbd96,SedLacusMorbi.der,2002-05-10 02:51:02,2011-10-09 12:13:39
6460159,864eb76cd90573a3989beed67bd9f37a,QuamPharetraMagna.pyc,2005-08-29 21:27:33,2012-08-04 23:06:31
9639878,0c0128bbde33f72b2b39b2efd7fe5c0f,Proin.env,2004-02-06 03:41:58,2013-03-16 22:57:34
6806068,0786821413c0cac425e98917f27561e5,MattisOdioDonec.x-png,2007-03-17 17:02:38,2016-03-27 06:59:36
2059832,b4d1abfdf6b9942ab316ffdba71e9b9d,Erat.ssm,2007-06-29 08:57:17,2013-12-26 04:34:32
5240207,c0612d371765948bf7fd121d3e0c20a4,Donec.wrl,2002-05-13 02:50:52,2012-05-27 20:53:45
6500521,dc4c60f4a151b0b91413ece2d3290773,In.asx,2007-10-11 16:17:40,2013-04-18 03:06:13
9112547,f3fa27ac9744ae296c24e85918e1a4c8,Consectetuer.snd,2003-03-22 08:55:51,2017-01-03 16:11:03
1941486,89c0aad9f36b810ea25cbdb4a9e0fc76,IpsumPrimisIn.p7s,2006-09-21 20:31:06,2014-02-05 02:56:30
3643634,fbf5d80d592204dd20886b48f13e3c40,EratQuisque.sgml,2002-05-04 18:49:58,2012-01-19 00:05:35
6712658,a458ecd5f1dbcc3175092832157d7080,MiIntegerAc.uni,2007-02-08 04:36:57,2016-10-11 14:35:20
2425634,12e2d537e1316c73426dd7f29d438d25,OrnareConsequat.tbk,2004-08-12 01:59:43,2012-07-31 15:31:22
3051481,d8fb3d53454d5995f4249e72653fd09e,ConsequatIn.class,2000-09-30 06:55:33,2014-12-21 03:37:32
1876086,c16341cf81f8dd64f608e9628799ab9c,PellentesqueVolutpatDui.pas,2000-02-17 12:59:32,2011-02-16 10:29:26
7657232,53a4691cc8fa6930312e5de979cd04c5,Mauris.csh,2002-07-17 08:33:01,2010-01-01 08:18:47
9079698,33180dc3dfb4fdb7a1ae4d636dc602e1,Rutrum.aab,2003-10-11 08:36:10,2013-09-16 18:30:12
1976223,63f0ab8fe989db250357163d4bc40439,AliquamAugue.vqe,2003-09-04 16:28:27,2014-04-07 08:45:45
3064228,db53783463206afcedae348678df7203,ConsequatIn.js,2000-08-13 22:34:23,2014-11-05 07:55:49
4465486,34427823cc279608aaec53033d7adabe,At.fmf,2002-01-22 12:06:49,2016-11-15 17:51:17
8051606,43895eaac1e14e10b576ab55b3b96545,AFeugiatEt.mp3,2005-09-25 23:02:17,2012-12-26 12:13:42
2730123,d8253560d7730d71a469ff1f6537f0c4,Nam.sdp,2003-03-20 15:12:25,2013-09-11 20:08:31
3248169,04f96926895b5329aabaa0d3235bcf5b,Molestie.c++,2007-06-03 17:19:02,2014-11-19 01:49:45
3395404,76eac1e9c22a65a4482cf23bb1fd8298,Id.omcr,2003-05-25 15:15:38,2010-09-14 16:10:11
8867880,49b5464b3f2487543d31d00973c4a038,NequeAenean.ppt,2005-03-24 23:20:30,2011-10-09 19:25:05
6163299,518abcf8f07580c9aac5aa9d74b25847,Id.xld,2008-12-11 23:39:49,2009-05-18 03:20:30
5758962,fa86db561f90e4795e628bac8a5902b2,AcTellusSemper.xl,2001-12-12 16:24:55,2014-11-23 09:52:47
6483383,f4f39ba7a80e173be1aba36523f092fd,LeoOdioPorttitor.chat,2004-04-22 00:58:50,2015-05-17 14:53:49
4425864,c56c00c1b743ade05f4e334a6081c4de,PulvinarLobortisEst.step,2007-03-25 17:17:56,2016-10-29 01:43:34
2136655,648f99f13a9b701921fbe5e42a7189d2,Libero.web,2008-09-01 06:58:05,2012-11-30 14:35:05
9346444,706b5ff1c067890d179e70ca10f84688,TellusIn.mht,2004-12-13 03:42:40,2015-10-24 18:29:56
8965374,a71be3c9f67e092f345d51c37b241a7b,Tincidunt.zoo,2000-08-14 02:25:33,2015-01-06 14:03:58
6472209,09a0c5c78f258ddb1123eef736e699a8,PraesentBlandit.cdf,2004-11-03 13:54:08,2009-04-12 03:56:51
7475895,f1501164703f02b5053104a8f50bbb6d,CongueEtiamJusto.crt,2000-07-20 12:54:15,2015-10-28 15:45:56
8552436,1a7ee6c8b02ffc897d12f13e05dae28e,ProinLeo.step,2004-11-22 11:40:35,2013-11-15 19:53:43
7794301,57334e83943ec78f357927313d0b3997,InPurusEu.mhtml,2007-08-29 07:33:11,2017-10-09 07:14:26
7623194,ab6356bf66f6ad160928fb194e16e961,Vestibulum.class,2008-09-11 09:47:54,2012-08-30 06:49:54
3983033,b1764adc7f13f3a1b2f56cb05b525e62,ErosSuspendisseAccumsan.au,2003-05-12 13:47:01,2015-03-24 09:08:28
6039431,cc2fe43eeb7c23b357ec96e7b0ecbfa9,Nulla.sgml,2003-07-29 13:45:53,2017-07-04 08:06:47
5113995,32e1f0c92f327a273becc5810039f5ce,Mattis.rtf,2000-05-01 08:36:02,2016-12-21 00:12:29
2022312,a91011f03551b943ab33006f98c6bd68,RutrumNullaTellus.mcd,2005-03-08 01:56:24,2012-05-17 04:33:03
7432979,538376f63d0abc247503d36c89399ec0,FringillaRhoncusMauris.mid,2007-01-26 18:37:42,2009-07-27 06:12:58
4789557,721f84b17ae7c5a72ebf62e445ea89a0,TortorDuis.jav,2003-02-24 03:03:03,2014-07-16 23:04:30
9660893,d14a3bf0ea86c29d83a51cdc324be585,ScelerisqueQuamTurpis.ksh,2002-11-06 12:25:15,2011-11-10 18:40:19
5820563,ca691adec40889dddedc3c98fa0fa52c,Lorem.naplps,2000-08-18 14:19:59,2013-02-20 04:57:37
4062559,28787a5ba73840f3977f2f624b81a4fa,NislUtVolutpat.gl,2007-05-18 09:04:30,2010-03-26 12:01:39
2529694,57dc23f6843a2080710c73374f1b0b97,Vivamus.w6w,2006-08-22 15:47:17,2011-12-02 13:47:11
2671797,27f25e6e0c3a661e8fd2a683d87e379c,In.mid,2004-02-20 11:05:28,2010-09-27 17:54:19
9709052,3ca0593106234de52c6ea0a1f98ea44c,Justo.scm,2000-01-23 02:42:22,2011-05-08 04:35:28
9908019,5a87426b212753706d663c10aafb0e51,DignissimVestibulum.mpeg,2008-01-13 10:04:53,2010-04-17 15:20:17
2878120,32eae5f2cff8fdcf650d0142df1fcaaa,NullamSitAmet.xlt,2001-07-21 22:05:49,2017-06-25 12:18:56
3191186,7d28542bae44f4d5a7cbe38c0857b92a,Id.hh,2007-12-01 12:25:30,2010-10-11 04:17:12
9712862,82f224ec95f49eb2a9e30e2e31c12163,MaurisSitAmet.asm,2005-01-15 17:38:19,2009-03-11 20:33:53
5126365,d021ec2d1b84a74b482f8087871c564c,VitaeMattis.wml,2008-06-24 01:10:23,2015-03-29 12:39:38
7075674,b5cfcee8fe5fd4c5c513c474c5edff7c,EuFelisFusce.xls,2004-09-29 21:25:41,2012-01-04 05:21:14
6716415,7fb903139094f860f5442f52477fd489,IdNisl.rp,2002-05-06 19:52:31,2009-10-16 09:42:14
1690908,7c0aa73caa9b6cf76b8b47bd22ba49ec,Odio.uri,2008-10-18 23:19:40,2011-01-24 00:49:28
8606036,8c7da90cbf2c6aa04002d441a0f2b2dd,VehiculaConsequatMorbi.mcf,2001-07-08 19:54:42,2009-06-17 23:49:41
7427750,68aafb5a7eab4ae7cabd3101993bd40d,DonecDapibusDuis.mpp,2002-08-26 12:33:15,2010-02-23 14:20:16
7629644,c0be88783fb4234e63072c2e0bb2433c,Elementum.skm,2007-10-10 11:17:42,2010-03-26 03:12:22
3579310,97ce29a065656bb6f791e40fef13e40f,Eget.o,2000-09-10 18:16:14,2009-10-25 18:55:21
5083490,7bb7b0bc650968c2aa0f1b6ba5a105b3,MagnaBibendum.xbm,2002-03-10 11:23:42,2012-08-26 00:33:49
8917776,a76dfeaf3f46ba0d66bbe61f40c03adc,VivamusMetus.mcd,2004-11-22 05:20:39,2010-11-30 23:55:42
9523358,682a13da93b398c0b44b8225970a3b42,EleifendQuam.htt,2008-08-29 04:19:23,2013-02-21 06:35:32
8567523,93b3741aa35d5704a96ac7d6492dc738,PretiumIaculisDiam.env,2003-11-22 09:55:12,2010-04-26 03:14:24
7238908,23fa63faa7615a0e060b29e2a724f492,RidiculusMus.wbmp,2003-06-15 07:30:57,2014-07-18 05:43:59
4601234,7516ef6a2c31f20b1bd03e9024eacfd8,PhasellusSit.vivo,2006-03-26 02:54:17,2009-12-18 21:29:53
1715863,9c01b3bc493f4ff14a698fe34454f9ab,Iaculis.bz2,2001-09-17 14:37:52,2009-05-09 13:11:29
2140405,57a0e0d5962557fcd1d35e1e60153558,Accumsan.mpg,2006-07-11 02:01:46,2012-04-01 22:57:27
6200840,29d8334efb591b9718380cffbe40ec19,SemperInterdumMauris.avs,2004-08-06 18:05:47,2015-06-07 04:56:40
3971952,e4d1ef526fa8dd3508fc13b18e4ecad9,VelIpsum.xlc,2001-07-12 11:25:33,2012-01-13 03:26:56
2237779,1359ad871bf2595b92439809cce6d9d3,SapienPlaceratAnte.dump,2005-05-29 05:21:20,2011-11-02 18:20:38
6130806,067e8b9245866be28404c65d0dd1bee7,CommodoVulputate.pvu,2006-10-22 02:43:02,2014-11-15 18:05:09
3260526,17feff59d05fe43568fc760549bf8930,TellusNullaUt.spr,2007-06-08 16:23:12,2013-06-04 17:37:21
5002207,ec87f0544d116456e1eb8ceee2d3d26f,NonLectusAliquam.qcp,2004-06-14 04:28:56,2014-06-01 18:29:41
3362858,0d4c23713d8d4041ffb3d8e9db209089,InLibero.xmz,2007-12-19 14:27:54,2009-10-18 00:55:39
6537077,b7b2cad8544d4cdedea24a885c981ecf,IntegerPedeJusto.tbk,2004-09-06 05:32:27,2014-03-13 18:31:05
7369420,3b717d64da7cbe8cfc9e7fdd578e2d6c,NullaIntegerPede.f90,2001-04-16 22:29:21,2012-07-07 09:33:58
6684646,dc30ffaa31f2270596bc640106a1ac3d,Cursus.book,2005-04-17 14:30:02,2014-05-03 17:59:28
1522790,73af0acb84f8663c09e333f376eddacc,EratFermentum.asx,2005-06-09 17:28:07,2012-11-30 00:37:22
2353870,faabd12f2396a951d5bc0eb2d7862d70,EtCommodoVulputate.wrl,2002-04-22 05:28:23,2016-05-10 01:46:16
5730249,fc750d3996efd5ce52c9c365174ca5c1,PellentesqueEgetNunc.nix,2002-02-13 16:21:57,2009-08-27 05:24:05
6757502,8f71c7b58facd464620c9d69ee704721,EratNulla.cpt,2005-04-14 20:34:39,2011-04-23 17:03:10
2235579,dd097e8ce83c09a77b1f58cb68548a83,Habitasse.xpm,2006-10-05 14:29:22,2013-02-26 06:09:43
6313956,919541888b2d8960c9373555230021af,MaurisLaoreet.hpg,2005-09-11 03:31:12,2013-12-25 06:01:17
3408558,6dd0282623a090619edceb7b2bc8964d,InterdumMaurisUllamcorper.asx,2004-03-15 02:46:40,2012-12-23 16:14:47
9888712,54685ccda12c13c132057998e78b5767,InterdumVenenatisTurpis.htc,2007-11-22 12:45:08,2017-07-14 11:57:28
3751939,b6a7f66d5344703065d2c29698f446fc,UtMassa.bcpio,2001-06-14 20:13:03,2011-08-02 06:21:48
2040460,14c5dae0d7c167e8164b594a59fb0f4d,DonecPosuereMetus.scm,2002-02-17 13:02:49,2009-02-24 07:37:08
9624420,e3236c1cf04bce3dabdd54137f1e744c,PellentesqueUltricesPhasellus.pcx,2001-01-05 13:27:04,2012-03-17 08:11:28
6518896,1d774e7230ad19c4bdc3df8544dff060,DolorQuisOdio.vcd,2004-05-04 23:32:48,2010-11-18 08:04:11
2759196,31cc86318189ce85517110fcf826973d,Sit.vqe,2000-03-24 02:55:22,2015-05-24 12:59:12
5084344,9e43e795dfc0e07750a3af159622d437,InterdumMaurisNon.bmp,2008-09-23 22:30:07,2015-09-05 18:11:35
1944919,89d1d92680ffbae02c3d9bb05a1cdc41,PosuereCubiliaCurae.tbk,2006-03-15 10:04:44,2012-05-04 21:27:20
8165761,881946488060a81009c2f5f864dbec14,PhasellusInFelis.mif,2003-04-18 19:46:38,2010-11-12 01:07:56
7848502,996087c3de1d60bcb516d889c2e4ba8a,Felis.ustar,2000-03-18 06:40:30,2012-03-08 20:53:14
8358526,4f36d477dd80dcfdcc71ea2cfe0c0058,Nullam.pps,2000-02-10 06:10:38,2013-09-19 20:30:53
2603129,4ea16b9ec14c93c05b3922c57e57be4b,Quisque.acgi,2005-07-10 02:52:41,2013-06-20 07:26:51
9870787,1b3e1f6f28e66cea84cb79b01c2a5d26,AugueQuam.jfif,2002-01-31 05:04:53,2017-01-06 14:09:52
1149954,9318717f5365622a04bc0c2049adaebb,Adipiscing.mime,2007-01-23 02:03:36,2012-02-12 06:11:28
4086876,c065406dd4e316b8311d3a775a6b8390,Rutrum.unis,2003-05-05 22:09:30,2014-01-07 18:14:27
2589858,04e4291472b15eb947174d93d76e8d62,AnteVivamusTortor.arj,2007-09-21 23:02:39,2016-04-06 16:40:04
9813395,f1eed81ce22cc465a626ea2e20b0768a,RutrumNeque.bin,2001-09-24 14:31:28,2015-10-06 08:44:09
2017386,280c732d52330d35df81b76535de6be2,Faucibus.sdp,2003-11-29 15:35:54,2012-07-23 17:45:12
1816650,877a7047278e04a2425c6e840de5eed6,NislDuis.bmp,2006-05-04 14:04:59,2010-09-13 11:18:02
8566850,696cb1e0e746be6639170f68f3a8f2f2,AcEnim.iges,2001-03-14 22:54:29,2010-05-10 16:00:52
7493859,daab19b2bcd9e49d0ebfb07fee25171b,ProinRisusPraesent.shtml,2001-07-16 17:51:35,2014-11-16 10:23:05
8391066,d2f6ef01cc4fbc6e6237b78e6f9160ce,ElementumPellentesque.omc,2004-02-06 02:02:24,2012-03-21 13:32:47
1659048,d53db9253cadda5b503217fe8c018e15,MaurisUllamcorperPurus.pvu,2007-03-06 00:45:00,2009-04-13 22:29:39
9983098,1cb904f1b0a490f56c4b4fe7102017a6,VelitVivamus.roff,2007-07-21 20:39:25,2015-03-25 14:12:26
6553923,e4cdc07315f0f6c0646626058eb49079,Non.for,2000-10-22 13:51:40,2009-02-15 21:03:32
2843971,7e4cc876d14d59c7e32f1ff935e10c53,Ultrices.s3m,2006-07-11 18:08:45,2015-01-05 05:58:54
7209686,bd7bf657cea26f768354f06d422f0f76,FuscePosuereFelis.cer,2006-09-14 04:57:12,2010-09-14 08:43:28
6529721,9a7b1316452bcfbda2ebf7fd0a52813c,UtMassaVolutpat.jps,2008-08-31 20:24:41,2010-04-27 11:23:17
5365934,f180a28baf4b52123918a4a8039d164d,RidiculusMus.aif,2007-02-25 23:09:19,2014-04-22 13:58:33
7111036,76c4835cea2197c55b9849faeb619acc,InAnteVestibulum.oda,2002-02-08 18:52:42,2015-11-08 16:37:59
3457266,95e40ed2d4978643000559ad0cded637,UtMaurisEget.tsp,2006-07-10 03:34:52,2011-02-15 11:10:09
3241955,892d225ff010769bd56686f6751e08d1,Suspendisse.midi,2005-07-14 23:36:30,2013-07-08 06:01:13
5337045,83bb0ca45eb66fb2dbc2d2a9ca19e939,LacusPurusAliquet.psd,2005-11-10 14:50:09,2016-01-16 22:50:47
2171975,ac1c4eaa49eefeeb62262c16e6f7e4fe,CurabiturAtIpsum.ppm,2006-11-24 08:01:46,2017-08-06 21:01:48
1545460,6628796fe78b6819d49a620d173ddb42,AcLobortis.cxx,2000-09-26 23:41:46,2012-09-13 04:15:51
4574601,3985f84eda7b75a0a76ff1d58ee629a1,PhasellusId.xlm,2000-05-31 11:57:27,2016-08-31 22:18:11
9665803,1bc4d73b5ecdd9223fad02c33da27a0f,Sed.xlt,2002-06-12 03:11:02,2011-07-22 07:44:21
8700555,1b54ab22b6e92c5c863d7ea6e4ef5373,BlanditLaciniaErat.wav,2002-10-02 12:43:06,2017-02-11 22:46:48
8964690,37ee4134fcedbed2a78468b924026f06,Sed.boo,2000-09-21 02:14:16,2010-11-05 18:39:47
1534104,d3745078419575e5d09b5d297df637b9,NequeLiberoConvallis.tcl,2003-11-13 20:08:50,2013-07-05 21:22:21
5340684,e1c1212b30fa61c799fc442856074c21,DiamCrasPellentesque.m1v,2002-12-03 16:15:33,2011-06-27 16:41:07
8747200,e5bc0ec14a5088887981f4931e84bc4a,Lacinia.cat,2005-03-13 08:16:35,2013-11-23 04:40:51
2529518,5db6cfc8fc83e780e6ada93a7658f867,A.cpio,2005-12-17 14:16:30,2012-10-27 02:05:36
4189243,8c35d2820d4f9bd2d63bed685d10cd4c,Nunc.uris,2001-10-11 19:03:56,2013-04-12 17:16:25
3758385,ab56bffad683709c4c9e6db4b107ab6c,Fringilla.uue,2001-08-04 14:22:18,2017-03-08 00:30:25
4821761,160029eaebdbf123fc4d2bf4b14bf9ad,MaurisLacinia.unis,2006-01-08 17:28:12,2017-01-23 08:16:24
2342152,75c51b7d6bca2329a1507fbf6607c01c,MolestieSedJusto.lzx,2007-04-08 13:39:45,2011-02-18 23:10:36
9098844,68c94aef39b10ebed33a197b4a20fe13,Id.inf,2006-04-15 05:52:06,2014-11-04 05:46:30
2452395,d786e352793b9addd0e11e39bc17c00f,DonecQuis.x-png,2001-03-06 14:29:26,2014-03-14 19:03:14
7415686,0374a576309d3d5b0873c5ef5a91dd8d,Id.xlt,2005-08-26 08:18:19,2010-08-07 01:24:25
6588437,06c0b5b77461c8b8a98c9a738c986e4c,QuamA.sv4cpio,2002-01-17 00:32:23,2014-08-10 21:17:11
6228527,254f97d55a6159bf7c7443c3f77078ac,Donec.tsv,2007-11-19 15:05:38,2015-07-20 10:18:49
9478766,4d6065d09692ca4239f63696422e624c,Ullamcorper.man,2000-12-30 08:43:16,2012-08-10 12:54:13
2518136,1989ceabb89430adda4f1c1afedaa434,Mattis.skd,2003-07-24 14:46:37,2017-05-08 16:12:10
1339550,888a7ea52c4fa179dae3075c1fb134e9,OrnareConsequatLectus.ppt,2005-01-23 06:14:28,2015-03-14 06:43:02
8634246,f338bbd19d98f76cdc2f3cf1c1ef341a,Proin.iges,2005-05-28 20:57:22,2012-03-28 21:23:25
9392266,59e80d8e0aba24ac055643d6012a1ca7,Tempus.bmp,2000-11-26 13:53:03,2009-10-28 14:23:29
7113857,c4aef561d42fcf5cd17f200b54c473b8,InQuamFringilla.aiff,2001-05-30 00:27:19,2013-09-05 12:34:18
6324495,10cbc2a91afd77aabe15fdfd878088a7,Iaculis.jcm,2000-06-29 08:52:47,2016-09-25 00:11:27
4212649,d4f316f1e10398386412df406cda6ac0,MetusArcu.shar,2002-06-24 02:27:40,2012-09-11 06:10:39
8711813,5cc298c5ef945aee0f56ac5de50b3e16,Eleifend.iefs,2004-10-03 23:54:36,2015-08-23 19:25:43
8043617,753942b276f4970342f48ded58ad36ec,Sapien.f,2004-02-25 09:44:59,2016-07-25 02:48:49
9777351,f6193f69fdf08c57237d3703b35e3951,PellentesqueUltrices.wk1,2003-02-15 10:49:10,2016-09-14 23:45:36
8264965,5706383e116405227ce52a189dedf1de,ErosViverra.ccad,2001-10-31 04:56:34,2015-07-18 22:38:29
3418436,a22547138e2fac22ef5a14b73c285cf4,AmetNunc.tsv,2002-02-15 00:18:38,2009-11-25 12:11:01
2689680,026f6880ff9b680207645e030d5958cf,LacusCurabiturAt.imap,2005-05-15 06:03:03,2014-05-19 07:46:56
2302947,b6a3c0b8fb9b59f8f4ead9e9af87c046,NisiNamUltrices.pfunk,2006-01-23 03:52:49,2014-12-17 18:05:00
9968845,ffab0ed6b0c2b64137007a05bb6d55a4,Curabitur.sdp,2006-02-05 07:19:58,2015-08-29 00:05:20
2560364,170fbf3dbb746eff86cc3dbb095429b6,LacusMorbi.rtf,2006-01-18 15:32:17,2013-05-12 19:01:22
8985494,9e0245c54fba31cb69e8d54c6b62328e,EstEtTempus.rng,2005-02-16 10:12:45,2010-04-26 22:38:01
5233507,9fd556fe985466f2eb514a44ca219692,Nulla.scm,2008-04-24 05:11:53,2011-11-05 02:14:32
5094728,bb04291170ad50e8789b3ad897489c13,Nam.com,2006-12-30 00:02:46,2009-04-14 17:11:47
8111902,6209778c0c8d3b9b471478953e1c0c7d,ConvallisEgetEleifend.wp6,2008-05-25 07:37:07,2011-07-12 13:37:09
3839216,c3fb978c911fee7e01663d5146796662,PulvinarLobortis.ccad,2004-07-04 18:06:12,2012-05-02 04:13:21
8165404,d83d1b68b47664a0f7339dcc0bb98c4f,EratTortorSollicitudin.htmls,2007-11-13 09:39:38,2011-03-20 22:58:38
2152760,4a75e086ff37eb53a00a1dcd0211f316,Proin.scm,2002-08-28 08:27:53,2017-06-13 22:44:07
2562336,4c83ad1265b77f53cd18508614623098,Aliquam.cpt,2000-09-28 21:36:18,2011-07-21 10:06:42
2062229,7aceee4401323bd0dda8fa29476559c2,SuscipitLigula.m2v,2007-06-30 02:18:17,2016-08-11 05:43:25
3347068,e6221e5fe708aa46df63ede064869f4d,Amet.tar,2007-08-27 18:56:12,2016-11-30 20:23:46
3566971,7092e5dfd36337c93533fb61817cdd6c,FacilisiCrasNon.voc,2000-07-07 23:38:08,2010-01-08 00:54:59
6628470,df2553d10a8c52c1f01ee04c2456cb83,In.xwd,2006-10-25 09:59:30,2013-03-21 09:12:59
4638867,85fe37af8123b3fb962fcfc798f10151,Aliquet.smil,2008-10-13 02:23:51,2014-07-07 14:58:37
7980441,1c60d73ecff2485a3cc5da32c7535e6d,Feugiat.for,2005-07-19 11:34:39,2017-02-10 23:51:59
1750612,d81c06ebbcf15c6ba0dc152cefcab682,AeneanLectus.mid,2006-12-15 22:06:17,2011-06-09 01:10:58
1566363,7d968e4f4979ff645af0cf9a1d102e81,JustoMorbi.3dm,2002-04-28 00:25:52,2010-12-10 16:08:19
3376002,da3b477d204376769ac0793d4e015aa5,DictumstMorbi.gss,2005-07-18 14:18:22,2013-06-05 01:25:40
9375726,5d39600844f984a753e2cb578a2d25da,SitAmet.bin,2007-06-12 11:34:59,2009-10-24 16:09:25
5005526,5434d066a839c1e0b3db720c361fdc8b,EstCongue.ccad,2004-12-18 02:24:59,2012-09-01 22:25:09
3390746,94a782e8b1992a684b87e5caec840445,Mi.gsm,2001-10-24 03:02:30,2011-10-07 06:54:55
3319791,6904528d991a8ae07315b0297edd8f56,QuamPharetraMagna.iges,2002-08-24 15:48:21,2015-05-09 10:39:45
9934277,3f01fe73ea1955418c54f66b1b746888,Rutrum.jps,2000-08-08 21:31:23,2014-03-04 17:41:03
2919629,c9ca8b68b8c0040b79048a8bf6a18a02,Mauris.svf,2003-04-30 03:31:12,2009-07-07 11:38:12
4899175,ab5e647ec6094b433277a9ac767da25f,Sit.hpgl,2002-04-27 10:12:51,2014-03-27 15:38:46
8140010,99ebb1938c6e3d268506fc784526c771,NullaUt.java,2000-02-19 01:06:14,2013-04-25 23:57:49
6850590,26e92c78b90f314840b0106667687a32,InterdumMauris.cc,2005-10-10 08:59:54,2017-03-02 20:30:59
1241657,8fa94a25a2b9dfa9a547ef06747aeefa,AdipiscingMolestieHendrerit.wp,2000-08-08 09:09:58,2010-11-17 11:27:51
2261691,d8860af4fc915654abe581a393875c6e,QuamPedeLobortis.qt,2001-12-03 13:30:51,2013-11-21 17:27:39
8478006,968fbbb9c31fe25c3876665ece9b48f8,FelisUtAt.ra,2005-06-20 08:51:54,2009-11-24 19:39:22
3311411,109ad7266cad5dcbbd1196c10d5371d0,EratNullaTempus.ras,2001-11-15 12:30:11,2017-04-02 23:44:13
8057587,02cd39ed3f85f606b60b785c07e32e0c,Eget.mp3,2004-01-18 05:05:21,2011-09-13 10:26:25
8135602,c2fc8d19c312de9fe77db7b707d03563,IntegerAliquetMassa.au,2008-11-26 14:20:22,2014-11-23 21:56:19
2691635,c5f4f1393b4a7fddaf1866ec4dd08978,In.wk1,2008-06-04 17:13:18,2016-01-31 17:32:24
1274209,836f05370263e18157442605d5542aec,Sapien.kar,2006-11-06 22:14:56,2012-07-23 17:40:00
9941167,59ccd4eb7d99d68b1d91f35052982f0c,Mauris.fif,2004-09-23 22:14:21,2016-07-15 09:16:26
7782804,c3782146a3842f90b2ace34d93db30b2,LuctusEt.bsh,2008-05-25 22:36:00,2015-05-17 16:34:48
3574048,943fe48fedb0da8961650ab1c39135f0,Ut.mpg,2005-05-26 04:36:25,2016-11-13 19:26:28
6674543,72fc7ca95d430dc32cca4843308e0ce0,SapienDignissim.mpga,2007-05-20 16:24:53,2012-12-05 07:18:41
5378841,aa5633450d901c1679e4a962f2c619ab,NullaSuspendissePotenti.pcl,2003-01-03 03:14:51,2013-11-30 22:50:41
5558605,33780b1acb1db5122c0bded8bb8a7785,LacusAt.cpp,2005-12-10 23:22:39,2011-12-23 10:27:09
9297750,a5ba3a8af89a9034653bfbb5bfd724b2,Purus.kar,2003-02-14 14:30:52,2015-06-30 16:04:50
4414284,be49e8908a51c55ddf3ff737c0a322c9,SuspendisseAccumsanTortor.sgml,2008-03-23 22:07:51,2013-06-25 09:32:55
5843375,660c55d0e3aed08f5c9b25b737ffe309,NullaPede.xif,2005-07-11 04:20:50,2011-12-06 23:46:42
4619705,60a4306cca44747c41064bc31141eb6a,Curae.xlm,2007-10-05 20:35:03,2017-11-22 03:59:09
8710932,e0924c3b3fde7d1d783b088bc09ed0ba,Libero.bsh,2004-02-02 07:15:12,2017-05-16 23:03:25
4754761,d669f59c17681edc53b6ba8c9f7ff58d,FelisSedLacus.vrml,2008-09-23 14:12:55,2010-04-29 01:20:21
6466326,158c4f9ccbd6dd42c96127b7999651fb,InSapienIaculis.qtc,2008-08-09 05:18:17,2009-04-30 19:45:02
8068170,f4ab54694f1ca1773779ab976744fd89,Diam.rmp,2005-04-16 20:35:09,2015-08-18 20:46:12
3731116,b0a0668a6e50ce049bd7a668fd098a19,QuamSapienVarius.asx,2000-06-01 04:15:05,2015-12-22 13:12:22
2617926,9ff3a5a0ccfe430d915a28fe3c20fc2f,VelitIdPretium.s3m,2003-05-09 16:31:40,2015-08-24 16:14:57
9562284,1534a80074011a7825d9b275633ee188,Auctor.lma,2005-05-18 21:13:36,2010-06-28 03:04:48
7722662,25ae3b8367397c9b4c5b860f9a1ff895,Pretium.wav,2007-06-07 00:06:53,2012-08-31 12:31:40
9954007,eeed3828acbd0ae37c2fd08154881758,MorbiPorttitor.dv,2000-01-27 21:35:45,2017-02-22 10:40:18
9575959,8ddc2084243145617b95dbdd80014a4d,Morbi.dvi,2000-01-06 04:00:01,2012-09-01 23:35:10
7435051,5cd8c5b80ab0d02d649de9013593b9e3,JustoEuMassa.drw,2001-05-17 19:17:41,2010-06-24 10:04:47
6635489,39632ed002937a2b7ac7974fcf744422,ConvallisDuisConsequat.pl,2005-07-23 08:34:36,2010-10-27 19:55:32
7027971,7628b421951fee88bc033d8729e9584e,LectusPellentesqueEget.vdo,2008-06-24 22:21:03,2013-04-29 15:48:05
2464696,cd2973c9047a47e59c7eab2ca6c0542b,MolestieNibh.tbk,2005-04-30 12:30:01,2009-07-19 20:49:13
7845226,dca9442761c184673920f899c2134f2d,AOdioIn.pm5,2002-07-06 23:52:01,2013-04-30 15:08:36
7483585,e91568fcf2513b306404e4bd2e4682f5,LiberoNamDui.rtf,2006-05-08 16:34:53,2016-04-07 19:17:47
9640152,7d2f80fe13aeaed84e1cb7941c1a43fa,PedeAcDiam.text,2007-10-19 13:46:53,2011-05-02 05:36:46
8549701,f47dc5854e3f070e1ff132e1e30e6310,TurpisSed.asf,2001-07-17 08:59:35,2011-07-13 19:18:26
2566597,7b49278068d90f0ad50e9b52344b6610,Platea.dwf,2007-02-27 17:45:26,2011-02-01 15:22:38
3349648,039eba9c0ff4d281cf0ab228ccc06d39,Ornare.hqx,2005-03-20 18:23:13,2013-01-23 17:58:48
4314818,889d43de9e1072951261460023f3df12,VolutpatErat.vql,2001-07-30 00:57:02,2010-07-31 23:46:50
6721556,76503eb7e1dbc129d37d1162f1d1f1df,UtNulla.csh,2006-09-30 21:55:00,2010-05-31 10:15:21
4330290,d679e43841b64182d6d2f0345583da22,Nulla.spr,2006-01-27 23:55:12,2010-07-23 10:22:37
5808689,a82337c4782a3a9891a64738bec5ced5,UtMauris.pct,2003-06-01 21:46:40,2011-10-03 07:54:33
9068350,07594ab1a3ec06e9b2878a21348ba95a,Sed.gl,2000-03-08 17:54:34,2010-11-08 08:48:01
6172720,dd6cd7f0602011efc3695634faab81d1,SedAccumsanFelis.spr,2008-07-30 09:57:00,2009-09-18 20:48:25
7790329,a2e0740fa86cd52bf0ebff8979df4a6e,Cursus.gl,2001-01-21 10:59:59,2011-12-09 23:08:26
4662371,17850c2d602fcddf244ff6aec25b38b1,FermentumDonec.qd3d,2008-05-07 22:41:38,2012-11-14 01:53:57
8213360,ca376b6e7d77341b1e62aabf65116307,VenenatisTristiqueFusce.jpg,2003-10-19 06:15:52,2015-04-09 09:00:20
2759457,115064617130fbe1dc99ea3921bfb93f,OrnareImperdiet.pgm,2000-06-01 10:45:48,2014-04-20 18:31:19
3527516,a03c2de1bc0bc118f3478c4c3759fda7,SitAmetTurpis.xlw,2007-06-08 15:58:57,2017-10-01 20:57:57
7204256,5977c06e2eda5781c0f88f7cb42f740e,VolutpatErat.jpg,2000-11-11 01:39:08,2009-05-16 04:13:37
1535026,766f97918edd7f7c7e9750abb764eb13,SodalesSed.xlk,2008-09-01 20:38:29,2011-11-22 10:58:22
2944266,4579ee0c2f17b4be21d030a153433d8b,UtSuscipit.xlc,2008-08-10 04:17:39,2011-10-29 05:15:51
8696869,fdca6e1925a2db78ecae85cea8f505ee,Posuere.h,2006-07-25 13:03:31,2011-11-02 23:28:58
9937661,8df6adb910ae064c579e874119247633,Augue.aip,2000-04-02 21:19:04,2014-03-20 06:44:19
3234880,633da69a7d1f2958ab9029ffd6589cd3,MolestieLorem.skp,2001-12-05 23:36:15,2013-01-13 02:04:20
1683927,d6d1160bfe9bff80b73cf3fcd1020dc7,Curabitur.stl,2006-09-20 05:13:22,2010-05-20 18:55:17
9114336,a92c19ffbed33723043585167223945c,UllamcorperAugue.ppt,2002-01-07 14:32:23,2016-10-09 22:00:50
6698567,80207dedb571f75c672967935ef8fe5a,EratErosViverra.p7c,2003-09-03 01:45:15,2009-01-07 11:57:41
6517697,dd400aae351b62d9854d3a19446d1994,QuisOrci.wk1,2007-10-18 17:56:55,2010-09-04 16:37:46
2785640,fd63dfbee211d077ed896c21b172df6d,OrciLuctus.sgml,2003-09-19 10:25:30,2009-04-12 06:15:56
4823083,dbe9a1c384b506981433404b47a40ea6,Nulla.mid,2007-06-21 02:31:06,2009-06-06 23:28:29
4457626,dd2ea8b94203cea57f1bd44602fecada,Fusce.shtml,2001-08-20 14:37:30,2011-02-03 16:44:13
2412741,f143b7ffd8ce75e955dc002a87f34ddc,UltricesPhasellus.lma,2005-04-07 00:24:50,2009-05-31 06:47:49
5283311,3e05198348b4d9a34c512db910cc2374,ALiberoNam.boz,2005-02-23 20:46:48,2009-08-12 16:47:23
1701814,56391f931c57f453f09905c648653729,In.wp5,2007-09-29 19:10:17,2016-05-14 07:36:05
8577229,59336425b8c5ff54cfbb6e998b6cd094,InEstRisus.m,2001-10-09 01:22:12,2015-01-28 19:01:46
5179746,9f7cfb40313e8e9417d182723ae1ae02,Non.sbk,2003-11-29 18:10:45,2009-09-01 22:05:16
9653431,a196b3a4ae3b6896743b5843f770ca2f,Nunc.f90,2002-02-07 20:31:20,2011-12-27 17:14:06
8412534,322e00ba442bee220cc2512612238fc1,ConsequatVarius.pot,2008-02-21 11:21:39,2011-06-23 19:55:23
8753465,88ed5afe5ceacf4b9883f1060614d72b,AliquamSitAmet.p7m,2002-10-16 08:04:07,2017-08-31 23:29:49
9602795,f1aa23686c47e5959dfb09a68ea33b73,Potenti.au,2000-08-19 01:30:28,2015-04-06 16:42:19
1864085,519c18b4a6aafcb844d64b9a67badc81,OrciNullamMolestie.hqx,2001-08-31 14:37:40,2010-05-19 13:56:53
4519044,f8f6d309bbbaacbfdb260cdb4565089a,AliquetPulvinar.ico,2002-06-22 08:52:17,2017-04-02 00:42:11
8492013,1566cb5c95418406b542ee7f8a680928,CubiliaCuraeNulla.etx,2001-12-02 12:49:48,2011-07-06 09:52:40
3555352,a6a0188472c5910c69a4c3318bca5074,EratCurabitur.pic,2005-11-27 02:55:04,2010-03-29 08:29:42
7305981,42e4874320bde08b876e256ebcd7d0ba,AdipiscingElitProin.qtc,2002-03-12 02:30:55,2009-12-02 11:14:02
6763087,37df082fcccfa021dc6c4aedb6551258,Adipiscing.qt,2003-05-29 08:24:35,2009-02-12 12:22:32
2470069,73b6564a9ba40e9cb076db3e493273c2,Tristique.gl,2003-11-07 14:44:14,2015-12-28 10:03:19
8026426,b9f336355f9732027b1577e893bb056a,Libero.crl,2005-10-11 11:26:05,2017-02-11 07:13:23
1449108,4867e756ad5e0f911a3127ab1019478c,EgetEleifend.gtar,2003-06-12 12:18:16,2016-10-10 15:15:16
2904090,a4b23ee3e6e7f1568a5593892a7148ab,NuncProin.htmls,2007-03-29 22:04:05,2009-01-25 14:53:09
2358989,6c7a59ab3e769488e9de287f2ad03597,Pede.bin,2008-08-27 04:59:02,2016-05-17 15:24:02
7848587,c0509de6e9516310b937eb89e617aa9f,InFaucibusOrci.igs,2006-05-26 15:06:20,2014-02-06 06:10:41
2394057,6f71520e90327a9678c26fb9dd9f0956,Natoque.html,2000-09-15 04:56:56,2010-09-09 18:13:38
1147233,30cd2793b76d24758b93ca8d3a57802a,Interdum.svf,2000-09-10 13:49:18,2014-07-28 14:27:25
9054958,32f31176b01bf99aff3cfed6b200f523,Parturient.cpt,2008-09-28 06:38:46,2011-06-18 02:00:27
6543163,36ecfcee81f6d9c0c3bacad983abba3c,PosuereCubilia.for,2008-06-17 16:27:49,2015-09-09 13:51:55
6993878,05a7642acc1d30e7e8eba195f70d749f,MaurisUllamcorper.xif,2002-08-03 15:07:41,2015-02-05 11:05:48
9063548,6ea391c91ef325f1207a3839f38f6bed,InterdumEu.acgi,2004-08-28 20:43:18,2009-05-22 15:02:56
6115149,f5f812c73c40eb8f03acf083f35ea7a7,AdipiscingMolestieHendrerit.x-png,2008-01-01 23:16:50,2011-10-20 14:13:47
5701354,612cb6cc89d14914dcf6d1ce35e395aa,Pretium.g3,2004-07-07 19:21:34,2015-06-10 23:11:56
6328498,6769372103eb124aea1984d245befec1,Nisl.asf,2003-12-07 22:32:50,2011-08-27 17:19:06
1402298,67efae15b640543339a36f5ecd8626a4,UltricesPosuereCubilia.bin,2002-06-08 12:22:02,2011-02-21 11:24:09
9660797,37effc86f9773b216cd57813522bc121,NequeVestibulum.jfif-tbnl,2004-09-04 04:04:47,2012-11-09 05:18:40
2429735,3cc234580f97406745f8d2cca2816229,ProinAtTurpis.sgm,2006-12-07 08:50:04,2011-12-22 20:00:28
1824491,008cbb0389fe08893226cece0018dda4,In.fpx,2003-11-19 20:41:55,2010-07-29 09:24:56
5041884,396eaf8849f1bde0929934af960393ce,DictumstMaecenasUt.for,2002-06-20 09:46:36,2012-10-08 11:56:40
4177713,fa0da48794529cd701902cc3d68afd52,DonecUtMauris.pict,2002-08-26 16:11:18,2013-07-15 20:54:34
7144140,2a519308daf3442b453278c432abb6f5,DuiVel.uris,2005-10-21 23:40:01,2011-05-07 14:59:33
4742571,c1dee7947c5da12605e03b4b2e86d250,Neque.ram,2007-10-07 07:46:01,2016-06-15 09:24:09
7542780,e9518369f1fec5aabd98fc1b5ce14791,AFeugiatEt.avi,2002-12-09 16:04:03,2014-02-11 08:46:13
6608479,e48dd8aa0fef5ae34187dada8b97da39,Vestibulum.aps,2002-01-03 04:50:17,2009-08-11 22:11:10
2043611,f5e9964a843628d6ab952beb5953287f,PrimisInFaucibus.m,2002-05-11 23:28:28,2010-03-19 21:39:50
6369319,89e753b99d9e57d40cf26cae1dde35ee,IaculisDiam.rmp,2008-05-15 03:35:58,2015-03-08 16:49:28
3031438,daa9be02f7e0022859a467d9222bfba0,LectusInQuam.wav,2001-08-30 14:15:34,2010-02-24 22:52:55
7595215,1552df7abd36bf25b771f09ba7bb6728,FeugiatNonPretium.xpix,2006-04-12 19:38:41,2016-04-22 19:03:29
3046041,58f0f16d94f0b07060e259272d2704ef,PellentesqueUltrices.svr,2006-03-31 13:22:23,2012-04-27 10:10:15
6688171,dc493a91139e14ca76e6055eb6e7662a,Proin.wp,2003-12-24 00:41:51,2010-03-15 21:10:58
8756421,b2aa952bd99a712835c8cc60af2a63b8,PotentiInEleifend.wml,2005-12-26 21:47:38,2010-05-04 04:58:23
1986990,1732bd5b6da7e85bf331b9e720221de5,IaculisDiam.jav,2005-06-11 18:18:10,2017-09-26 06:54:58
6621650,b9dd722ea27687ae24347db94bccdb2d,MetusVitaeIpsum.ppm,2008-08-25 10:07:23,2013-04-12 11:44:32
9850389,89401db79da612f5e3bdefab6b8d0b02,NibhIn.wrl,2000-12-22 12:36:02,2011-11-26 12:43:34
6965820,1df922473587d6288d5ee7949db10730,UltricesAliquetMaecenas.nvd,2002-08-06 17:21:08,2016-10-07 21:02:28
3868218,0ddbb51055543a21276378069c9db65b,Duis.csh,2003-05-29 01:39:18,2017-07-11 05:35:25
4708142,05f08f0432e456967fd22db520efda92,Duis.bsh,2004-02-10 00:41:10,2014-04-18 07:36:00
9858400,848cbf7b3f08992ebd425cbf0a806712,Vestibulum.acgi,2003-08-18 06:12:19,2012-06-09 13:24:38
1453639,5305db7b4621714af1865f3e86fdc673,TempusSemper.mcp,2007-09-16 08:27:29,2017-03-09 02:08:56
1173278,37cc124702462f116c50a9ebfc7dff47,Congue.xla,2007-01-08 01:21:46,2011-03-05 16:32:50
3939845,19446ef31f1465cf61b11e53e4a12394,MorbiSemMauris.talk,2002-05-28 20:20:22,2012-02-05 01:09:50
6266052,1f0c0ccf39c9b30168ebdf98a732bd23,ConsectetuerEgetRutrum.wtk,2002-12-01 20:40:16,2012-10-08 07:32:41
3841918,faa93f7d38fe4ce1d457083c9dc12bc2,CondimentumCurabiturIn.cer,2001-04-25 04:26:23,2012-06-19 11:03:36
8360478,a815d17a8844b5ef27c008db2f831edd,Lectus.mpx,2006-04-05 07:18:35,2011-03-09 10:48:55
3781558,85ed96170b3f07bf1867035a0a57a8aa,Curabitur.mp2,2006-01-15 03:27:13,2009-01-04 02:27:30
7143122,1201d2cd560d5426809a63fd754c72c6,PurusPhasellus.shtml,2003-12-12 16:37:38,2011-08-01 08:01:14
4874821,b45586f54542c09b11f0690dd181640e,MorbiVestibulum.crl,2003-06-05 16:26:04,2016-07-02 10:28:31
6138588,bfb7c57b9abb72a5be0e0fea18834d82,Ante.uue,2000-02-28 06:23:40,2016-11-07 05:44:41
4855109,436e5a0df6a10db9e85874fae88cfcbe,QuisqueEratEros.pvu,2007-11-17 10:13:34,2016-09-28 11:27:46
1123560,d911448ec17d06cb0f235b8e61752ad2,LaciniaSapien.tgz,2008-10-01 09:00:15,2013-02-16 14:57:13
5521603,c86184a8be532eaaf226ce717890fd8b,CrasMi.sh,2000-10-27 05:51:24,2017-05-10 22:08:11
7728028,95f8abaec02a990495f209b0d867a3c8,Neque.tsp,2003-12-21 20:03:36,2012-05-19 22:40:14
7570085,1e6bf5eafcae094d8149e73154d25cb6,VestibulumAliquet.ppt,2006-12-29 03:39:08,2009-07-17 15:44:53
6086110,150df61b3660b2d9e60c78c204319ebe,NullamMolestieNibh.ssm,2000-01-27 23:33:58,2009-01-12 02:06:44
8916464,a38b4fb3f4ec319804b7a29b1b856ad0,UrnaUt.js,2004-10-26 15:34:19,2016-04-24 15:02:12
4036443,4dbcbdf4269ea61262749a9d8505ddbf,Hac.htm,2000-04-10 20:08:05,2011-09-13 09:11:35
8647360,aaa9ae571bfb9abc0afef0e94fc7ad0d,VulputateVitae.mp3,2006-06-23 08:42:36,2009-11-25 03:55:53
2061263,2bf4995f60bc625b167ed4ba5f35d9a8,TortorDuis.f,2002-10-29 05:05:36,2010-07-26 11:25:15
8371744,10b0e2b4f7f2c5f89dbf027ccfcbc2c3,Morbi.zsh,2007-06-05 04:46:08,2017-08-12 21:21:32
9804391,f4694e9937d8d4e912f4f5a3fe787767,Aliquam.f,2001-07-25 03:14:44,2017-05-02 19:25:58
7479520,d8241c26d877cbe9d663926588ac2ced,ElementumInHac.rt,2006-09-04 16:21:03,2014-05-20 06:21:00
9049454,07bc9d71029e3154f17b54d72498db4f,OrciLuctus.mm,2003-09-23 10:50:20,2013-12-09 11:15:03
5335709,94b90beada595f713d90494548337308,Quam.cco,2004-03-19 00:53:44,2014-12-16 17:54:27
8250740,e335233b8d2c60e2a3382cde8bdb49da,DiamErat.css,2008-10-09 15:46:09,2010-09-20 01:54:33
3621032,b326e0c4c9eb6497248b5e0ce0b52ea3,SedAccumsanFelis.hh,2002-06-28 11:45:17,2013-03-06 22:03:21
5501985,04ea32160e4ce33dc7baceafa1e2758c,IdNisl.pct,2007-05-20 21:43:50,2010-02-13 09:25:12
2875753,4bb91bb1a96f15aabc6c55a84ba8155e,FaucibusCursusUrna.fif,2004-06-27 04:19:15,2009-12-08 18:52:26
3793605,be57b6ac01be6beaecb8452b6417a791,In.xpm,2008-04-19 20:37:08,2017-06-25 13:20:49
6821420,3210176bbae8044f930ada4d4dcdc054,UllamcorperAugueA.mc$,2004-07-18 20:09:58,2015-12-11 02:56:55
3425703,e9954e8572e0a2fe7333cfb495a0a9f1,Enim.cdf,2002-02-21 08:02:13,2014-02-01 05:05:55
3814341,d48e24d85de72f8cba3ba75f7c111141,Cubilia.sv4crc,2005-07-31 06:37:25,2011-12-22 01:01:38
2897027,9e278a1723db8e0c3651cbbf2f67da80,MorbiOdioOdio.rnx,2005-01-30 13:32:35,2015-04-18 18:04:41
6343342,6001373f8262ffe98320cbc7542d9f6b,CondimentumNequeSapien.mrc,2004-09-18 19:10:41,2015-06-20 00:06:51
9226878,11eb3d860805ea3c0367e668dc9abb4c,LeoOdio.bin,2005-08-04 02:58:18,2017-11-05 09:22:50
1950894,002075e5fa5daed3d4455c61046627c2,MorbiQuisTortor.tsi,2006-07-09 20:35:42,2009-02-13 08:36:51
2666240,27db888f2f5d49255ec575a06c74bbaf,Nulla.word,2006-12-03 06:27:12,2016-11-28 00:47:18
1495670,a4f1f2318ecce0b672f23989b589c2f2,Sollicitudin.m2v,2006-08-30 19:58:22,2013-03-06 16:07:28
6829060,9bee677635e3aabc362b96710cb181ad,DonecDapibus.mpv,2005-10-15 01:02:35,2015-04-07 17:06:26
6365236,89899a8e20673087bf6c54f421f7ed24,PosuereCubilia.s3m,2006-01-09 00:26:20,2017-10-02 17:20:33
2598533,e52aa3ec6d0dc52fe6e1a2de0f9467a0,ConvallisMorbiOdio.wrl,2000-01-25 22:34:28,2016-02-09 14:26:05
2200700,27daea213074d4fa5e77d44a028d3be3,AcDiamCras.mme,2000-02-26 18:46:26,2015-08-07 20:34:03
9123724,d957e25a15214207ffe51c2a5b9acf42,Sem.qd3,2000-07-25 23:40:48,2015-03-05 18:30:18
2753532,f9d430076d0a2243364ff3abb412106c,QuisOrci.mar,2006-07-19 06:04:10,2014-10-06 11:35:22
9120834,b81e6c022b3db49aadc813e18613abda,EstQuam.voc,2007-08-29 06:08:35,2014-04-24 17:08:53
5379586,015c10418ce586e38d897eaab9a8da9a,Arcu.asm,2003-08-30 15:02:36,2009-11-13 10:33:16
5791217,65022467e450de8e6462e78dd9822c7d,Posuere.midi,2000-02-21 10:42:18,2014-04-13 13:29:49
8004800,02d069cdd710eb9a4d9890595c35f70a,DonecUt.p7m,2005-07-03 07:13:09,2014-12-19 21:43:47
5241867,2a53e38e57b86134533eabb37a8cb667,Ut.ras,2005-09-03 17:39:52,2012-08-01 03:22:59
2866434,87054f2a42926480372a1efc4f6d5141,NibhIn.wmls,2001-05-22 20:01:02,2010-12-17 14:45:11
1648014,1776c489b639cc6d9288c25d03661a36,AugueAliquam.pcl,2006-09-21 07:44:11,2010-11-05 06:52:36
4214798,1cb869469e74dd2896b705359270d743,TurpisDonecPosuere.wpd,2004-01-12 06:35:29,2010-10-26 13:11:15
6803900,1eb2a079e2d1f2189f4fd2ad11b7c58c,LigulaInLacus.pyc,2007-06-07 15:37:47,2009-10-10 16:34:28
9915676,11a6ec9d54df071bf431f3b4fb21fb6d,Cubilia.htc,2001-07-03 18:46:00,2016-05-25 11:19:53
1173227,4ebdea7bccdec5190ec4d930b35de641,Massa.it,2002-06-09 19:58:30,2011-08-26 11:40:51
6483142,4db5bab8e7e2bf39d965f0a1cf1ea11a,NullaNislNunc.skp,2005-02-08 07:21:01,2015-11-27 09:24:01
8835232,d13b8dc89da9275d9197d956a9efae65,RutrumNullaNunc.jpe,2002-10-14 10:33:36,2012-02-28 14:08:50
4235144,ac9fedc42f4a868c0a1ddb38e89a75b9,Ipsum.hpg,2000-03-25 13:36:22,2015-11-03 19:33:34
3837841,426c2a9064b3093b900dd928ab61978c,Nascetur.dif,2000-05-12 09:21:31,2016-10-14 13:34:08
3719527,ad2f99230e09c87885da475a3b4b4e01,InHac.jfif,2006-02-23 01:29:11,2009-04-02 08:51:15
7484612,27c2cba0b058fc99125fa7b41ab2d446,PotentiInEleifend.mid,2002-11-17 04:23:12,2016-04-16 06:58:00
2082821,f960eed3a06b950b0c096138b2568c25,SapienSapien.p7a,2007-03-09 18:30:35,2014-06-23 12:43:56
6865972,7845e27974c225b098a5910d5cbed22a,Nulla.s,2008-08-18 12:06:04,2017-11-09 22:08:32
5873021,42c679d3b338ad4303c97e209b5a591c,Justo.mp3,2001-01-20 17:55:55,2014-10-17 14:46:33
1978592,dc22cfc30ff07f744cefb16291758934,IaculisJusto.xyz,2006-09-15 03:56:16,2014-01-31 17:29:02
7691786,39086e18356a60473b540b790f079c9e,AeneanLectusPellentesque.pgm,2000-10-19 07:25:37,2015-07-08 04:52:09
3320251,a1c6b67840f142336d7a53e563cfe2aa,EgetMassa.mpx,2000-07-03 19:13:26,2016-11-06 11:26:55
1345599,8934cef662791432a11a738be6766701,AmetNunc.kar,2000-12-16 13:03:17,2015-07-05 07:46:39
6593296,4b13448f8e81fd78bc9081f60d59244e,AliquamConvallisNunc.rtf,2007-12-13 01:01:25,2011-07-02 08:34:49
2785036,2af2b866dec5b0d8871bb8a83b500293,Sodales.mcp,2004-04-05 08:43:54,2013-02-15 17:20:13
7196624,e84d8b4acd0ced19d2c3a4398e8e52a6,VestibulumEget.xdr,2002-02-11 01:41:16,2014-10-31 07:59:39
2246151,4a316b565de7aa5129c2a84e0027c525,QuisTurpisEget.ms,2008-08-29 05:33:49,2009-10-30 21:38:07
4965435,572350d10351d35946b48a7710dd92fb,VestibulumSagittisSapien.aifc,2000-03-16 04:08:50,2014-11-24 14:16:49
9849496,d2ecfca0fd2e3ae4c37b971b6be168d9,MorbiQuis.jpe,2005-09-14 14:33:48,2009-04-23 22:30:58
6060566,18477788bd13d06b59147d5ff5050743,PlateaDictumstAliquam.g3,2008-08-06 18:46:56,2009-01-21 11:26:58
3845198,19bf7274cf8cd0503b1f45454780448b,CursusUrna.xlw,2006-12-21 02:50:26,2016-08-26 20:06:54
1187664,8112e76e1074cacf36cfdc13305b89f3,TellusNisi.xwd,2006-12-30 08:31:54,2012-11-29 14:56:24
1517637,8f86c1234407ca0d68e06710971a8dbe,TurpisAdipiscing.mv,2007-08-06 19:57:39,2017-10-18 02:37:46
2171163,2f4dc996fb755dcdf7879744300267fe,SapienALibero.mime,2003-02-01 21:44:25,2017-04-20 06:30:39
5897773,87885c59154f819336304b2ee65867ef,LuctusRutrumNulla.hlp,2007-09-22 03:04:28,2015-09-14 01:28:26
7328740,59436edc25f01b43bba6231cfc01c382,Egestas.rm,2005-04-05 23:21:31,2014-03-31 06:22:10
3066721,ca1aba43d8f099c6cb9c2c84c2883954,Nulla.avi,2000-04-16 06:15:12,2015-01-31 18:13:45
5959988,826218749677fed3214eed3861d90c31,Odio.ustar,2007-05-26 05:29:09,2015-01-11 06:05:13
3455843,a012170b656676b9bc608c35afd07e89,PretiumIaculis.sit,2002-06-19 14:41:21,2013-01-30 13:29:05
9470102,254a578d6f2aa89a6c1adf95a43142e6,InLectus.rtf,2003-04-05 05:24:43,2011-04-23 23:53:53
5427588,152e13eb95f0c818b32612287a8aee32,NonMiInteger.wmlc,2005-03-21 18:30:30,2009-12-08 05:30:41
3940999,022a85e7dabcb95f1694313fe7f1705b,NisiVolutpat.aos,2003-01-10 03:45:32,2010-03-05 06:31:22
2380749,d8d932b17a6f98dbea62e0045df4661b,Nibh.xld,2007-03-03 07:52:05,2014-12-09 02:51:10
4769820,78faeab1f04e33b9a57d11e06a2ab06f,LeoOdioPorttitor.vox,2008-03-01 17:21:50,2009-07-31 10:08:59
9487092,38b3a5349a6cbc21aa6ddf7a3ea000c2,InQuam.lha,2008-10-22 11:36:58,2010-01-11 13:00:31
6742755,cf49cf0786096a96eddb708ec4864183,MusVivamusVestibulum.es,2001-09-11 03:11:29,2015-06-11 23:27:27
5100462,92b3cede403209dbe2cebc602c2e9589,Nisi.f77,2003-12-08 01:34:49,2017-03-11 01:34:03
1147671,0592f09e83c8a494258c70a4beeaef31,FuscePosuere.fpx,2005-09-28 22:26:40,2010-01-14 13:39:30
5459809,077f748eb2721155c303dfd97d230a57,MiInteger.xlt,2003-05-10 00:05:39,2010-07-01 11:33:31
4631078,fc1878b9ab36ebdc0e907b12053a6706,Vel.cxx,2007-05-15 05:07:22,2015-02-22 13:58:12
9172270,6f26a6eeb24df7768ee3d791ab245baf,SociisNatoque.hqx,2008-09-12 10:40:38,2016-04-18 01:35:14
5304008,999c48d88283a6d02cf19f612416693d,NibhInLectus.hqx,2007-04-19 23:02:10,2014-12-02 13:19:55
9489798,7a0bc965a96838bfc9526256ba1722c4,UtErat.tgz,2003-06-18 09:11:49,2014-06-29 12:30:37
7946511,7bab43705bc9b4ed96212a01eb77c7b0,PortaVolutpatQuam.for,2003-10-14 08:08:32,2009-07-05 04:56:30
1627245,23ba5055edbab4958b00240f2abed9a1,InBlandit.ksh,2006-01-23 12:03:12,2010-05-30 05:00:40
8251421,13a457631453fe0fd0543db64139091f,IpsumPrimisIn.mp2,2001-09-20 03:44:38,2013-07-06 13:35:52
5402631,225b9985b81ffe19c35d2233273d57a6,Odio.xla,2008-01-23 09:00:48,2011-06-14 01:56:10
9393583,296b66a7b32b950fff3f889570ea83f6,CongueVivamusMetus.omc,2004-02-10 12:23:18,2012-03-09 12:10:03
5557586,ef516ad3147ffce0fb5586f2363e9a07,ViverraDiamVitae.tiff,2004-11-07 15:50:35,2015-06-19 02:09:44
2925919,dd1f3b1a8d43ce26d53832b616df59da,Ipsum.tbk,2003-09-21 16:20:57,2013-06-19 13:31:49
6455290,701b8ded29389749296dee0e25899102,NuncDonec.jpe,2004-06-10 12:07:28,2016-05-01 21:42:31
9009319,5e58c8517ad5210ba7555960a4620881,Mauris.rf,2000-02-17 03:01:32,2016-02-19 13:03:01
7333332,e17a6d174b7ab0c001fe1f394fe3e8e6,AnteVestibulum.wrz,2000-11-09 06:32:03,2012-06-18 00:47:35
1071317,1fb0236db78da2703e36323b9ecd2c71,ErosElementumPellentesque.p,2004-06-24 00:43:21,2010-10-07 10:54:54
9169936,9c36a550d1cff8851338beabc8eb0ff9,Consequat.aab,2004-11-23 11:47:05,2013-05-02 07:50:05
4043844,a04f177b07c3d8c0919e022b2056d90d,Congue.pps,2006-01-17 06:44:20,2017-02-18 20:43:20
4356278,7d8e9fa794944c5eca196881bc8988da,VulputateVitae.cpt,2000-04-10 10:30:12,2011-12-23 10:52:04
4876284,a557c13b6563e7914069b6293bec46a7,SapienPlaceratAnte.xla,2008-06-06 21:01:58,2017-11-10 03:04:05
4521863,a6be1f0e7c871117096ca462adf7178d,Turpis.mcf,2006-11-30 00:14:10,2015-12-14 03:04:02
2524087,074ed1962e71340984c665ce97055cb8,UtNullaSed.nix,2007-12-26 14:01:14,2013-11-25 16:14:27
9880037,e338a34253b20fb6017a6ef6196683f1,Sit.cc,2008-09-29 21:28:59,2015-11-29 06:45:45
9285173,1b6ec6fe1cabc55d86866c40d0c63113,Augue.wri,2001-07-27 21:18:19,2016-05-17 06:54:26
8669413,d26884fbe799ed09cfe626eee003108f,EuSapienCursus.mp2,2002-02-11 01:08:42,2015-04-24 08:29:28
3115090,fea6536e9c34502e7d260e3ff3d9311e,Ac.3dmf,2008-07-11 12:37:46,2017-11-05 20:57:52
5191011,20342be0190b4299615d31c93b039ccc,Nec.wbmp,2006-02-15 20:42:21,2012-03-14 20:57:27
2863514,04bad9001748f46f9cd5db4723bf2a41,OdioDonec.turbot,2007-05-26 08:51:58,2016-07-27 00:03:47
7015806,0c6f69ca63f6e9b82d67a3eaba2f28d3,AliquamConvallisNunc.bcpio,2007-12-09 22:21:27,2017-05-31 01:19:03
2281363,a5c89c1951061a879facb082addd812c,UltricesErat.niff,2004-11-14 05:33:06,2013-09-04 10:16:25
1703535,a4988592cf9d32c43043b1e77f03ab8b,Congue.sdp,2001-11-13 22:13:30,2013-11-15 02:42:32
3014437,2349746a6c0521faed419d2658701fef,MusVivamusVestibulum.turbot,2006-08-14 06:50:13,2010-10-17 08:35:11
9871378,6f9c4ea4c62bf85bc472062b56331eba,SitAmet.isu,2006-12-20 08:05:09,2012-12-31 01:16:45
5839751,6653543586b2c599f574531daca2a77b,ASuscipitNulla.png,2002-01-01 03:37:16,2009-09-10 00:20:16
3626157,4c8a28bdd228d85b9d5a6cef3653145c,RisusSemperPorta.cat,2006-05-17 11:33:17,2013-12-04 12:54:09
8819933,571497cfacb0273091bdd10168ea9dea,PedeJusto.class,2000-08-08 19:25:28,2013-03-09 12:18:31
7151044,720d2dd182cc072aa4d02048d60493be,Quis.sit,2008-09-06 00:54:00,2013-08-26 19:47:35
3892794,fc44d589b47542fd5732e598ba56f5df,Sit.niff,2006-08-26 18:55:11,2017-06-23 09:49:51
1214860,a07be41c666ba604412815006dd28f0f,CongueEget.jcm,2001-08-27 07:13:33,2010-03-20 14:10:30
9779807,44e884d9b7c3be11518444bd61254207,DuisBibendumMorbi.step,2002-03-01 23:16:11,2014-05-11 16:46:35
8675011,a6e9d2098812fcba0ac3be6b414bc2b7,Ut.m,2004-03-26 00:31:08,2010-08-20 05:31:14
1853294,d807956064391013e6c7fa41d49349fc,ConsequatMetus.shar,2006-08-29 16:45:45,2013-11-22 04:28:22
1049809,54569e3c032ff8cab4f0e9a8d034f3dd,Donec.sh,2002-12-11 06:12:07,2010-03-22 23:31:23
7781014,7396ffe66a57d16d94cad18d72932796,InHac.crl,2004-04-09 23:28:57,2016-11-25 20:55:52
3415998,78c5f2a94552afaac2fecca395fc5416,AcLobortis.hlp,2001-12-11 19:36:26,2015-01-23 19:42:44
1373211,65670983e7528b0297717484075a5e36,ErosVestibulumAc.mime,2004-03-08 18:14:09,2011-10-22 15:07:55
4324426,93ef32b8674c184b5b7aea551b83a7ba,Potenti.bz2,2002-02-18 05:37:13,2017-11-16 05:22:05
9743367,6cbaf2c5157187b533a5444aef9f26fe,MontesNascetur.hqx,2005-05-05 08:33:32,2009-03-22 01:07:06
3364247,816b01b49ec4b2f6c2f5c830a65f01bf,LiberoQuis.wmls,2003-11-26 13:20:52,2010-03-30 21:09:32
6411011,c0defc6d15b22a50d0c12a3fdb835505,Placerat.lzh,2001-02-03 16:56:57,2013-02-18 08:48:53
6619896,46c76fc5dc915bb98b765754cef97568,PraesentBlandit.pcl,2003-02-14 14:02:57,2017-10-07 01:29:12
1629410,86127f7637c433c31fe006e81768fd4e,PhasellusSitAmet.m3u,2003-01-21 16:39:10,2013-02-02 19:30:47
1971994,f5239436780dc63876b3cd19511e0520,SapienCumSociis.pm,2000-02-09 08:36:45,2011-04-12 07:22:37
6020235,09778af0aae3d9435a09c23810118d37,Vivamus.vqe,2005-08-22 16:25:24,2017-01-25 21:44:48
7848696,0ef6250da18cd4d1bde3c19c8d6211c0,MusEtiamVel.hqx,2007-07-02 11:15:50,2011-09-20 07:56:37
7824773,ce2340de6de9abb6a2c23e835420173a,Duis.for,2008-08-25 19:19:04,2015-09-26 16:52:04
1991661,a467abd49e6bf0c92b8729b22686200c,QuamNec.tiff,2005-07-01 13:57:57,2011-06-14 10:48:14
9504779,7034a329d3a55b855e683b9bbc7c8f1f,TristiqueInTempus.wrl,2007-04-05 16:36:28,2012-07-13 23:42:47
7008649,f6c31e3971908775a25d11ae4c44f33a,AliquetMaecenasLeo.wmls,2005-03-25 04:17:50,2009-07-19 04:21:18
5974901,06e8a93d15fc38c43de087dd7f55ec9a,Aliquam.ppt,2007-02-15 06:41:05,2012-12-12 19:09:03
9453184,dc183aaec66fde81f019feeacd1ca7c9,In.for,2003-04-03 15:08:01,2009-08-08 16:52:19
2473536,ebb0701adc29bda972c72ec07ee720d1,AccumsanOdio.jcm,2000-03-15 13:53:18,2011-05-03 07:12:56
4957896,00b93aa7f39343bb8e7bff0f36bdd31b,ArcuLiberoRutrum.rtx,2002-07-28 04:59:16,2012-07-09 23:38:48
5058445,9a90a3ebcce427fb1c39f24b23cf0a42,ScelerisqueQuam.mht,2006-09-21 15:04:14,2016-07-29 18:07:12
7798779,81f45de8a290dc65c6fc46d94a38f8f3,LaciniaErat.hh,2008-11-15 20:20:04,2013-05-27 20:44:15
9205722,6154f45cc56bcf3c08f76669297eb435,RhoncusMaurisEnim.dv,2005-04-22 09:52:51,2014-01-14 06:44:26
2230788,33b447d01a711bcc75cf9e95a8a74293,Pede.saveme,2008-03-13 08:07:25,2012-11-05 00:34:10
1292640,05383925634eb43e8e10e3621a5843f6,Curabitur.mar,2006-12-31 02:21:31,2015-08-24 09:08:24
8772915,5e142556d2b0f5d388b5179b2bdb0b74,UltricesLibero.c,2006-04-10 19:20:37,2012-10-18 23:05:43
5615401,1412a018d3dcb18b5750e05d56159eb7,QuisJustoMaecenas.der,2005-11-09 14:09:42,2011-08-07 18:56:51
9782239,5cf56a218adc3fc6bd56959aa568da13,Cras.word,2004-09-28 03:39:40,2014-03-13 15:28:45
8706434,4270a2c16c327b8ca59e41cb8b074241,NibhQuisque.shtml,2005-05-13 21:38:38,2013-07-28 01:37:08
6215015,8c1abc07d4de9c5be49e5e9ad8af112d,MorbiUt.evy,2004-10-05 00:30:31,2009-03-29 13:09:53
6562687,257a3dce7e9686f65dfdbbbe9865c26b,PedeAcDiam.flo,2001-10-13 07:47:39,2016-08-07 01:42:56
4962999,ae4183f8fcab9449b32b21429a2b201c,InQuam.f90,2001-09-28 19:55:35,2012-07-03 12:54:53
4756121,88957e9a66a2316a25d86682e94f3177,Id.jpe,2004-12-19 06:51:48,2015-01-21 15:24:14
5192062,644184307b44362fd395836dc44f2f5f,AliquetMassa.jpeg,2008-05-25 15:24:53,2015-09-14 21:49:09
8517299,390d8482ad49b24277313a9841f2e168,MorbiSem.sol,2005-12-07 11:06:00,2017-01-23 17:54:55
5491178,825132357b6597fb8314a45c633c35ac,VestibulumEget.mime,2007-11-22 03:35:28,2017-07-24 11:17:24
8852360,c7b29fbbccb2d894a4df29285d451db8,SitAmet.gz,2005-07-26 00:15:53,2010-11-24 11:54:09
8597180,580b1c7b5b973a679768724f99576d86,RhoncusSed.hpg,2000-08-23 21:03:25,2017-05-23 08:31:27
6932771,cd87906b38d59644b71cfea48c898340,PretiumNisl.3dmf,2000-10-04 20:16:25,2012-05-23 04:19:48
6762777,65a75ed58a2a67b89699eea4a3a765a9,Tortor.pm5,2002-03-29 14:50:17,2012-05-07 17:50:34
7442883,fdbca9063427a8c2086b0494c63d310e,Justo.pre,2003-01-20 09:58:05,2010-02-12 20:50:02
8871821,a685882da0fa7b263e6d5d2c16fbebeb,Lectus.nap,2008-06-27 22:58:09,2015-08-06 00:41:51
7447667,cab51a4f5fbf94eb8bf4d464021d4e40,Justo.dot,2007-09-15 20:14:03,2009-12-25 06:23:07
2135241,70903f57ea32fa36c81cc9bbd56894b6,Quam.midi,2006-05-11 21:56:57,2013-05-29 18:35:08
3859687,0a541bc20a8439577640ef00f45ee40e,VivamusMetusArcu.rnx,2000-05-22 19:07:24,2009-08-30 00:02:29
3517481,2496a149d39f8ce0f4261a750f22990a,EnimLeoRhoncus.evy,2001-01-22 14:05:44,2012-05-27 16:24:42
1158723,1a91cb0854288cec1718ad77db715e99,VelSemSed.lma,2000-12-29 11:40:13,2013-03-10 10:43:37
2897639,cae0f067e8307460c8e8947932d096de,Vel.bz,2004-06-28 15:14:54,2016-06-11 05:57:58
2940572,cf292fe5c9e55d05b58dfdc137de45dc,EleifendLuctus.lsp,2007-03-31 10:23:01,2015-11-30 02:19:19
6207445,a3c33446cdf2280ac28e2d13a3253e2b,MiPedeMalesuada.gz,2001-06-04 23:01:56,2009-03-24 07:42:36
5079033,951b2a57862df71851ead2274e7d4dca,LectusAliquam.fpx,2004-11-16 15:49:24,2011-03-07 01:34:52
3264180,efab7d3f3a6d93815092805736f39bfd,AccumsanTortorQuis.qt,2007-10-23 20:15:35,2016-03-02 02:34:02
6115052,6c9387ea6d0bcb33899e043db39e440f,LectusPellentesque.ksh,2000-10-16 22:12:00,2015-08-21 01:40:20
7270013,36f03e89555bd0e2d4de2965cbfc6247,IdConsequatIn.c,2002-12-09 09:42:56,2014-11-04 13:37:12
5774015,3dbd3a94670520de810e572837db4f71,VestibulumAliquet.crl,2000-05-07 18:46:32,2014-05-31 19:21:45
4593252,4e2c555b7e664a27587606fe4f52c45b,QuisLiberoNullam.z,2001-03-17 05:53:29,2012-09-05 02:51:43
2464591,d00668a51ead3ce32042d2d98c77d5f9,SapienALibero.xlc,2001-09-22 07:13:55,2010-10-25 18:57:34
3777288,1154992b21e56f224f4bf76abcc2731f,Lobortis.ins,2004-10-26 09:12:37,2013-11-07 11:28:27
1137967,0f3bdc31e4d97be79dc629db7c7ebd45,DiamInMagna.xll,2004-08-11 06:01:37,2014-02-10 15:31:59
8062783,0cd18b0d296b3a87928351122610928a,Sapien.xgz,2006-04-24 11:08:47,2012-10-12 00:32:30
4135286,0b0f2aa4c5141670381436ae75e21c57,UltriciesEuNibh.aifc,2007-02-12 20:37:52,2015-03-04 06:45:15
6678136,359195dd1264689aca9c3d47abd46147,AtTurpisA.ra,2000-11-20 08:07:15,2017-04-10 22:09:21
6249769,11995aa168b0923ad769e3e61e882eb1,FusceLacusPurus.rtf,2001-01-15 16:47:20,2010-12-19 12:10:59
3910895,3372a72fa33935fb06f9bded27fb788f,Duis.hqx,2004-09-12 13:49:05,2016-05-08 04:27:03
6238019,adf6f02ebcdc8183f9af519822672820,MorbiVel.nap,2007-09-10 04:33:21,2016-11-18 19:25:57
6873468,cadfd4218b8d6e33eb2825ac2d115f94,NislAenean.ksh,2004-01-19 15:44:45,2014-01-27 00:09:52
1741300,12fd0fb63963967d0b38b3eae5a5dd83,MorbiVestibulum.xll,2005-12-13 22:18:59,2009-11-01 08:40:33
3937116,cf2861614ff8a5a9631b6ed978ddf4e9,TortorQuis.crt,2002-05-12 08:59:57,2016-08-04 17:49:12
7834363,622ce3c4740ed1aec7ee1b62cc1d56e0,Id.mime,2002-01-16 01:43:45,2012-08-19 01:09:15
9899482,34df00cb90e75d0f568b624f626facc5,Sem.spc,2004-02-03 12:06:28,2012-09-22 16:58:51
1358108,629353d04bb42a1af39d3cff9ee23f56,NullaEget.asf,2004-02-11 22:06:53,2011-06-11 12:26:34
7785676,fd447927ef93ee52460f6d7492de30df,ElementumInHac.dxr,2000-02-29 12:21:37,2016-02-06 23:36:15
2862705,541bf041375f0f9c506d38007b0f438a,NisiNam.wav,2001-02-04 06:50:09,2013-10-19 21:57:35
9221526,4ca0a766198b0b239456f2de392c7a5b,NamCongueRisus.pm,2008-03-30 05:35:21,2013-03-30 11:50:49
2769868,db92b85bf1a80f5c2097ef3b7733a376,AccumsanTortorQuis.sea,2006-04-26 01:21:45,2010-05-22 04:13:08
6333911,c5e28e774b32cc2ee0939c9a82ae4721,ElementumEuInterdum.wmlc,2007-05-09 13:31:27,2010-10-12 16:45:43
2857552,74f2bcaab1a84eacc8d3e39a4f00634c,VestibulumSit.mcd,2000-11-29 05:31:48,2016-03-06 04:07:27
7225158,90305d52734ad11c6cacfa2016564efa,Turpis.abc,2008-07-26 15:34:50,2010-12-28 02:04:16
4530791,24cc20bf481af8d31dc210581e644e0e,Praesent.sl,2004-07-19 23:00:41,2012-08-13 23:50:32
1452155,d8ab1e51af914cd2f9eea0a304e9544b,Non.rmi,2000-02-02 15:09:08,2016-04-18 03:30:39
9899062,e7b9930cd6d4c9b500703d0210cf871e,VelAugueVestibulum.igs,2002-06-19 05:42:59,2014-08-14 11:11:43
5973492,1b017a0a7f37c52ca0d1aa5b8d622ca6,LigulaIn.wrz,2002-07-06 13:36:38,2016-11-16 12:27:31
9257969,4d8640b6187693bbc20f8941921f2b4c,IdConsequat.swf,2003-11-02 13:42:27,2015-05-22 15:45:54
7609446,a7816fbbe1f75206733d42a85ca800eb,Bibendum.pm5,2003-01-24 18:41:17,2012-06-20 05:15:47
9722381,c598dd18b04913bfa12a1c6e04272597,Nisi.scm,2003-11-19 12:23:51,2010-02-11 17:13:00
7623596,517478ded916318effec3981aa40e2d2,EstLaciniaNisi.roff,2007-08-22 15:42:09,2016-08-03 12:55:50
3064477,0fe4db19fca8403cfde6c286a65a36ce,CommodoVulputate.tsi,2002-06-04 20:04:14,2011-09-17 21:10:52
4801873,fd372d4b577562179d5f59d2c79ec80a,SapienA.sv4cpio,2008-06-21 06:59:16,2011-12-03 17:08:31
9387963,c53a72e0b773b52fd85dc217852908ac,AmetCursus.step,2004-02-08 14:06:04,2015-09-18 06:27:41
5090928,5911f7e14bac23cecad6967a7179f9d3,Duis.naplps,2000-09-20 06:45:38,2017-07-13 14:21:04
4202352,7d78ed5226301671bddabfdb9bfcecb2,AccumsanFelisUt.o,2001-12-05 15:59:31,2014-04-01 16:31:11
5315925,f3db193db37e76575362b39da43598db,TortorEu.z,2003-06-14 00:11:15,2013-08-10 07:10:37
8722804,c03e884beb2e015ba33aab6285c01f31,RutrumAc.gtar,2001-05-22 07:25:36,2011-08-31 21:32:58
7196858,7747ef37fafbbeedb9ff4290505184a8,UtBlandit.mov,2004-12-05 21:16:53,2010-08-09 23:23:42
3994724,dec2eada5a968a1b7650184f745d6a0c,MassaIdLobortis.png,2008-10-01 01:09:29,2011-10-20 15:34:13
3218001,0b4fa1368fc8b2602836137be16b5707,SapienQuisLibero.wp5,2003-01-01 19:04:29,2011-01-14 18:36:06
7330238,121366368180fa9201649b0a31bd3b23,DuisMattisEgestas.tgz,2007-08-22 16:28:15,2011-06-30 17:12:37
8636534,4080002c0bdea4bdfc74d9ef6e34dbb4,Vitae.igs,2006-01-20 22:28:37,2009-03-06 12:15:08
6314638,ad393a53f8ff94ed470711a605bd3091,Diam.it,2000-09-01 05:05:47,2014-09-13 09:17:40
4962977,721118ce8e4b9a1c8897711022acbac5,VenenatisLaciniaAenean.mod,2001-09-24 05:19:17,2010-10-01 07:15:26
8957577,fc84eea4f63962ddd79fe1f23ac9b18c,InCongueEtiam.eps,2006-07-26 19:57:23,2012-02-15 12:59:48
1366223,f9afab1e9107f5172eb499ccaa171b44,PotentiNullamPorttitor.xwd,2007-04-10 06:28:14,2016-11-10 23:14:43
7233719,8f25ee4dd37d294be623d6f37708f867,MassaId.dot,2004-08-04 23:14:24,2013-11-13 05:49:08
8407286,103799cc1ba83c7ba197e8bd4a084bae,QuisqueArcu.ncm,2004-03-13 00:03:46,2016-01-08 00:16:41
7770266,dd68642a02a63548352861599fcbf4d0,At.igs,2001-06-29 09:30:16,2016-06-26 17:12:38
4818119,0212c551ed9ec2a1c8c23bb8d7b5e783,VelNulla.lha,2001-11-22 07:07:11,2010-11-23 18:38:04
5628395,70e43325a30d60a6d4647130053621d8,InFelis.qcp,2000-03-11 09:24:21,2010-08-28 07:26:46
7484296,d503a714ac9c46b6679188fd14986c39,PulvinarLobortisEst.ppt,2008-02-27 23:13:20,2010-02-07 02:33:54
5186480,8ba3f215074a8e1a2c2dd17223d3344a,SapienPlaceratAnte.xlw,2003-07-03 10:36:20,2017-11-28 00:29:23
8512525,565032b4069d5f61822d8b1c5a030cad,SagittisSapien.wmf,2006-09-15 09:59:39,2012-08-05 02:27:47
6572273,c67e97d4a39b0a579309c43133d22483,MiNulla.sea,2007-12-28 23:03:03,2017-02-25 15:36:30
3651669,ba67242803ec10b3ffbb38c94ab118f8,Ut.deepv,2004-02-23 06:44:34,2015-10-24 04:27:06
1698586,8a3c32146482be3a2981542c82eaa568,FusceLacus.viv,2004-05-17 13:12:12,2011-04-11 05:53:09
8212326,bca025c30c24331be7b0f8e25a9fb650,VitaeQuam.oda,2002-12-07 13:51:27,2015-05-28 16:35:08
7410993,024228bba2d7e1f1bd122803560e0a82,EnimBlandit.vrt,2008-08-30 08:49:44,2009-07-22 21:01:05
4649899,c12e1e80c8b831206633a61ee2b6ac54,EuOrci.ppt,2001-06-05 09:35:07,2011-01-20 15:29:43
1209109,f5efdb26a65a8af1d3a0ce938450f3ad,AuctorSedTristique.stl,2001-09-12 09:24:55,2014-11-30 10:04:37
2369713,06737ec2252a73bc4c6415f0463c6b4c,LaciniaNisi.vsd,2005-08-13 21:54:42,2009-11-27 18:42:27
9846911,96f83ed60fd70bdebddec9004c8f278b,IpsumPrimisIn.wb1,2004-06-28 13:47:36,2014-10-27 00:18:47
8760693,990a9f6778110add82ef03462a56c48b,VelitIdPretium.svr,2004-05-11 23:12:00,2016-06-05 04:29:03
9326114,cd83339f7677f92003e98378b986bad1,CumSociisNatoque.asx,2001-10-28 23:53:23,2013-04-21 02:47:20
4828000,4b0680b534f1dcaa7b224c59e7850acc,A.xlk,2002-07-22 02:57:08,2012-09-02 11:00:42
2482251,3c20266c2e120401c9a0a1a70d030c9f,CumSociis.mjf,2006-03-04 11:44:00,2012-06-03 03:01:58
9303071,284ece549297193572a9e1003cf169ae,Amet.vcs,2008-01-15 20:26:30,2016-07-18 16:41:38
5124589,bba9d40827c51b7cc3c658eff0365212,CongueDiam.xlm,2002-01-14 22:11:23,2016-01-14 16:15:03
4932419,cd42f907ebeb0f793fd1d70199935151,NullamPorttitor.spr,2008-04-19 17:14:18,2011-03-18 00:13:40
4360060,17e30f87514e2255cd8629e4624a5c64,VivamusIn.p10,2003-11-13 18:38:22,2011-11-28 07:35:26
2219099,bdb9b55a388c5a66718a5b8b95b25d8b,AmetConsectetuerAdipiscing.hlb,2007-05-06 21:48:33,2015-08-12 09:00:36
6728442,3a3d1284025a8b2234e774c046696a78,AtTurpisA.aab,2000-10-01 11:51:50,2016-02-19 00:32:36
2783257,0b281a08596ae7edd224cbe8543f33d3,MaecenasLeoOdio.xlc,2000-10-03 09:11:40,2017-10-02 11:58:20
4264098,1adad26cfb6a7604d26d4f2a2f3d869a,NequeDuis.jam,2005-05-20 13:47:30,2011-01-26 23:57:38
2511071,0341bb3678380430287df6fededeaa70,NislVenenatis.aas,2002-04-22 11:48:33,2014-09-14 11:03:44
2565878,1e14eebd346b8494de8fdcf36665e090,BibendumMorbiNon.jpg,2001-04-02 21:11:40,2017-01-06 21:15:54
1909531,21b5d7e8621f4f80f61fbae3c46d2d85,ConvallisEget.asm,2008-12-02 00:54:35,2009-12-24 01:08:56
3058233,637921a8f64105211938d22fedbeb359,Etiam.wpd,2008-02-12 21:09:45,2010-04-26 08:34:03
6504903,18b588876b4bb3b1ebf8869e4c6fad62,SapienVariusUt.sprite,2002-01-07 03:58:55,2016-07-15 11:10:59
3447644,3e153f687850118c3c38251b2af86391,Pede.talk,2006-07-29 10:00:17,2013-06-22 02:26:26
5022315,665a505597569e2e99b9bf2d1ee23c90,Primis.pnm,2002-05-17 20:05:05,2011-04-20 08:49:09
5728170,26225c765383e0327a70c8fe1f199535,Rhoncus.rt,2000-02-06 09:10:23,2015-11-13 08:17:34
2820324,1b501ab2f7b099695aefc7c594fb1550,Elit.env,2008-09-10 01:38:57,2009-08-01 05:14:17
9727072,bdecd262da374384e9c368c2e412e495,UltricesPosuereCubilia.lam,2000-10-18 07:33:20,2012-10-16 20:10:45
2971392,0368c78fa762c0699c69fbef051ddf6b,Massa.stl,2001-07-14 15:52:15,2010-07-03 10:12:37
5738127,6976a35d1f37703677658e282e6662af,VestibulumVestibulum.vivo,2007-04-30 02:59:52,2016-01-23 09:15:33
2463629,9d4ff45492f6f3235d22931cf2004ef7,Adipiscing.lzx,2005-12-23 01:48:54,2015-08-29 00:12:13
9853772,41793593486abd20ba66f6f7bbbe16cf,Nulla.scm,2001-05-15 19:04:12,2016-10-24 10:30:20
8041449,c0b7c9a97362f06d2367b7206878784e,Amet.g,2001-09-21 17:56:05,2012-02-15 03:14:55
6446949,c58f1f60ef69a0618b4ade657531b622,Justo.c++,2008-01-08 20:59:38,2010-09-11 20:26:41
5034880,cdf91df12f2b54d5c6c034967cdb419f,Ultrices.spr,2008-02-14 18:17:37,2009-09-30 10:19:35
3050522,9df718cdefc9849c1a27f3e2483e4bbe,UtErat.shar,2002-08-18 11:43:41,2013-02-27 14:03:25
5046077,d69da5cf4bc72b406c2575624b450ec9,Nulla.mp3,2005-02-11 03:12:56,2014-12-10 14:27:08
2851169,e9b53f5f186a413d513c5d1d64fa0447,QuisOrci.nvd,2005-01-07 18:41:19,2017-05-08 08:15:30
1016765,77874fa2593cb539625e5af587b2500f,Posuere.scm,2008-07-26 20:26:03,2011-06-18 16:13:00
6363976,b638f8d4b06a978b0545fa2f949c1405,InHacHabitasse.xbm,2000-08-13 22:32:44,2014-11-21 21:42:53
8238323,03d8d4be14ceacf1bb1318ba43170181,LobortisLigulaSit.midi,2003-10-25 22:46:52,2014-07-18 08:25:14
9939738,42e7c05117b395d444998934042e5fcb,InterdumVenenatis.xlm,2002-09-02 11:16:30,2015-10-19 23:34:40
6759568,5fb3ad905dcfdc4b6f589ac29a876000,Elementum.lha,2005-12-29 10:33:18,2017-09-09 00:29:41
7430160,3c53c1be9800fddd2a3796db05928559,Rhoncus.tcl,2003-02-13 15:07:00,2014-05-18 13:00:32
9102421,6a95503005407e2af25682b87f3cead1,NullamSitAmet.lzh,2003-01-25 08:42:38,2012-08-09 20:10:48
7975708,f47d35025dc4b9861c9d73e5daf9afbc,LeoMaecenas.viv,2008-03-20 18:17:23,2009-11-30 05:28:57
5805617,b1e5a623457c6ac26b7ba76e614f0afe,InQuis.js,2001-12-19 11:29:39,2013-06-14 05:52:33
3573974,54a5d5075e5a1b32dbd82a5fb9dbe92f,EgetNunc.hh,2000-12-14 01:44:31,2009-12-18 07:09:15
3461896,9ad9e46b6b0a3ff7da62aea1c2be2365,SapienCursusVestibulum.pre,2005-07-25 08:54:10,2010-08-05 20:01:18
2402938,a770cb06af025f7ca7c29650a9130bfe,AeneanSitAmet.pot,2000-09-08 00:33:11,2016-12-08 13:20:50
4512141,658b9d5ef16fb347e5de0e6bb3baf91b,Ligula.crt,2006-10-18 03:03:24,2009-12-24 02:27:57
5789041,c2c5fbd6ee73cb697f52ce556d0d8657,Adipiscing.shar,2007-10-16 02:16:49,2015-10-01 12:16:27
4333751,2c98e36998d88d317dcdc38328e15608,Quisque.m,2004-11-26 20:40:10,2012-07-20 05:01:11
2432374,23152b7102ec1a4e42520c5b446ddedb,JustoAliquamQuis.ani,2003-05-17 01:53:11,2010-09-30 01:49:49
7198044,2957fbfc1dcedd94e3cb9589b364ae43,NullaUltrices.z,2000-05-25 09:06:30,2010-08-16 13:40:55
8672527,434e22c986cefaf4891d0f2f718e2341,AtVelit.vew,2003-12-22 01:35:54,2015-01-31 08:24:00
1413494,8c6aaebf0766b381b95c8902b3ed9266,Duis.mp3,2006-10-29 13:35:04,2014-12-03 07:33:37
2714079,96c03e43892b73389a8816653f119a3e,Justo.snd,2008-11-12 05:01:02,2012-06-01 08:05:47
4828075,a040324dd5913b9a676d5dc2be7e3103,DictumstMaecenasUt.xls,2002-06-10 15:43:36,2014-07-11 03:26:28
8583618,6d332c8a4657a596fc8fd08510cd7b72,UtErat.xlb,2004-07-13 08:57:39,2010-01-14 10:49:58
6048394,4ee1717747549aebb22b749b416640b7,LoremId.mpe,2006-07-28 07:45:01,2017-05-24 21:51:55
8967171,4688516f5b10e8423a86df60dcddd99a,IdConsequatIn.mht,2006-07-03 03:27:57,2011-05-16 06:45:23
8654160,30284017bad199d96801a84fc232949f,Justo.aiff,2002-05-19 04:35:09,2013-05-03 14:20:21
5267277,8413691cc1e5d2b61d4a1beab3b1c97d,At.for,2004-07-12 19:46:01,2017-07-26 18:39:42
4555736,9e3bd0aa26f02b851aa626bf57338617,AnteIpsumPrimis.ram,2008-06-29 14:35:00,2015-05-04 04:57:36
3709252,d13256720c3674ac8bc33e387fb0d71e,Iaculis.skt,2005-03-16 05:48:22,2010-11-12 23:40:33
6811891,1018bcfcc89b8e774756c0d2f30d8891,Lectus.sea,2006-05-14 02:05:51,2013-12-05 15:38:14
9633428,0a6bfbb29dc7d72a64f6dc2728f8b4fd,AcConsequatMetus.rgb,2004-04-03 21:13:37,2014-04-07 10:36:12
2942374,07e13b2f27f3e7024bca1e1385687019,MaurisEget.env,2006-07-26 06:36:37,2015-01-21 10:34:56
3269244,5939d8d22b401c62b223e2dc6c514c4e,AugueASuscipit.jpeg,2001-09-03 17:49:01,2013-06-17 17:13:37
1072557,05376644efbbe920931575dc44c33341,Diam.xld,2005-01-15 07:40:32,2012-05-02 13:45:50
8408507,dda292ee6fa7aca61a52a0365fc9dd92,NonLigulaPellentesque.xlc,2006-10-17 21:18:59,2013-08-18 09:46:28
6200998,cccd4f00be7c7d441747927cf5d3f88d,UltricesErat.hgl,2007-04-06 08:04:07,2012-05-31 09:07:06
1695746,4a747abc5804800d8f44cfb219185617,OdioCondimentumId.qti,2001-01-07 05:36:39,2016-06-02 06:49:53
7253561,e52bf4b1a53f9795660fe73ef7269471,Proin.p7s,2002-01-10 09:17:08,2010-08-16 02:05:25
3185923,abd8a064a01c2843eb27a2d2fa4cd5a9,NisiVulputateNonummy.m3u,2005-08-01 21:30:35,2012-12-13 05:30:32
7558878,1093971fbd82262f8f93fd7eaad3fd73,InCongue.rtf,2006-01-02 18:31:36,2010-07-25 11:00:17
8985317,21dfdce3cde10048f4e050408ddd1ddf,Sagittis.wmf,2008-02-16 19:59:27,2011-04-14 04:52:03
9963352,df681b07f9b1a7e74c61155027e2aeae,DapibusNullaSuscipit.web,2004-09-17 15:00:22,2009-05-03 19:51:03
8918209,96cafa63ade1be8d6b488671df420c47,Libero.midi,2008-09-16 17:37:06,2017-03-16 18:48:32
7109688,5a3fb0eb81c8596e842f90b71441048a,Eros.cco,2003-08-16 20:15:27,2010-04-28 17:21:38
6343766,a828ba2f20b9fa6bc14d52fc650c286c,MagnaBibendumImperdiet.xpix,2002-06-12 01:14:13,2012-11-22 00:20:53
5072163,e758db937a52bd3512f3edeb91487677,VitaeIpsum.m2v,2001-11-01 12:12:48,2014-11-28 12:11:48
2892125,77d220862b1d4792a16e7e553a0eca17,NullaUtErat.bz2,2001-08-02 13:46:52,2012-09-08 03:16:10
6522840,11239879f01cb1edd4234b6dbea61df4,QuisqueErat.map,2000-07-10 01:57:53,2015-01-19 05:16:52
9965516,1f403860be44c83938189d80d6c16ec7,SuspendissePotentiIn.dwg,2003-05-15 19:18:15,2012-11-24 15:22:25
1978320,a361aa06c7fba1b30080fa3f2ba7c5ea,Nonummy.hpgl,2001-06-05 13:28:57,2010-07-11 11:43:28
8306208,2c4ed255b77ce91efae11ea239a8c3a0,UltricesPosuere.boz,2006-12-16 13:39:09,2015-05-19 00:07:42
9084299,aedca4c64f05573e0952c7885fe5cc4b,RutrumAc.cdf,2001-09-19 04:23:15,2011-07-24 00:48:32
9568912,44bbdc818d8634971a8e8170e66c08b5,LacusPurus.s,2003-05-07 15:59:34,2015-10-17 16:21:31
5702435,1dd97d1139bd697c8423905428c40bca,AuctorGravida.hlp,2008-01-03 02:52:59,2011-05-17 02:14:39
7751738,e92b0a2130ea9560a7b5d8f3db4d6bda,InMagnaBibendum.asx,2008-06-01 03:43:49,2016-07-30 22:57:16
2466943,329e8b2d8d04233072ef2f5cbd6aa365,Ac.texi,2005-06-27 15:00:02,2017-11-09 12:33:59
1301359,7463a6124e6995f6de5ae4ed72fa616d,IaculisCongue.bz2,2004-10-16 14:31:43,2016-09-14 14:54:24
2148270,b3b8bfc972041609a380ec2194e427ac,AcTellusSemper.bin,2008-03-26 14:20:04,2012-07-25 07:36:53
6299382,773bb913a3a2136378e94b1a5e226d7d,ALiberoNam.xlv,2002-05-01 07:42:16,2015-03-09 22:16:13
6450151,12091cdb148f1153a0260186416c0b71,DonecOdioJusto.pm4,2003-06-06 08:40:21,2013-05-24 00:04:20
3814371,fc6aac686e00b8c9d51b0ab77c953593,JustoAliquam.zip,2000-12-26 21:52:45,2011-01-31 09:58:45
8082123,53c21625d7116e0055def7d9ebdc4604,Quam.mod,2005-10-16 20:43:29,2010-10-28 22:31:33
3792123,2db616e0002ea07d57f59ce8d884bfc0,In.hlp,2001-04-28 19:37:57,2013-09-13 06:45:50
4675521,ae33c6a517e9c560a141366cbdb58711,Leo.vivo,2000-06-03 12:37:28,2013-12-19 18:42:02
1004667,0eb34c15d746611a37ff1032bcb64b40,Elementum.tif,2001-10-15 22:13:59,2013-12-01 12:32:04
9953831,3f326961c416a6a69ce885a513b5ac65,IpsumPrimis.xsr,2002-01-28 21:23:33,2011-04-27 12:04:53
